"","CustomerID","PRODUCT_QUANTITY","DISTINCT_PRODUCT","TOTAL_REVENUE","VISITS","PER_VISIT_COST","pkm$cluster"
"3",18102,64122,151,251594.32,61,4124.497049,1
"4",17450,69029,127,189147.03,47,4024.404894,1
"5",14911,77180,1794,127250.08,202,629.950891,1
"6",12415,77242,444,122658.74,22,5575.397273,1
"7",14156,57025,716,110627.11,56,1975.484107,1
"8",17511,63012,467,88013.48,32,2750.42125,1
"9",16684,49390,120,65581.33,29,2261.425172,4
"10",13694,61803,369,62785.56,51,1231.089412,4
"11",15311,37720,571,59364.14,92,645.262391,4
"12",16029,32148,46,58114.71,64,908.042344,4
"13",13089,30787,636,56675.07,98,578.317041,4
"14",15061,28590,71,52994.18,49,1081.513878,4
"15",17949,27571,29,52623.99,46,1143.999783,4
"16",15769,27660,26,51823.72,27,1919.397037,3
"17",14298,58021,884,50655.56,45,1125.679111,4
"18",14096,16335,1121,50205.49,18,2789.193889,4
"19",14088,12593,379,48616.53,14,3472.609286,3
"20",17841,22865,1331,38994.56,125,311.95648,4
"21",13798,23514,115,36351.42,58,626.748621,4
"22",16422,32592,72,34220.79,52,658.092115,4
"23",12931,23377,29,33462.81,16,2091.425625,3
"24",15838,9007,56,33352.29,20,1667.6145,3
"25",16013,13845,34,33131.46,48,690.23875,5
"26",17389,7430,48,30356.52,35,867.329143,5
"27",17404,32324,111,30176.1,16,1886.00625,3
"28",12748,24210,1769,30100.71,211,142.657393,4
"29",13098,15911,163,28152.08,29,970.761379,5
"30",13081,19021,511,27834.48,12,2319.54,3
"31",13408,16119,236,27577.09,63,437.731587,4
"32",14680,12474,83,26905.25,17,1582.661765,3
"33",16333,32184,9,26626.8,22,1210.309091,3
"34",17857,19086,19,26313.82,24,1096.409167,5
"35",13777,12804,40,25745.59,34,757.223235,5
"36",15749,9014,6,21535.9,4,5383.975,3
"37",16210,7559,74,20969.53,18,1164.973889,2
"38",12753,11250,132,20934.73,7,2990.675714,3
"39",17381,25646,40,20272.43,30,675.747667,5
"40",17675,8278,240,20042.45,32,626.326563,5
"41",15039,9191,408,19553.88,48,407.3725,5
"42",15159,11394,363,18010.9,31,580.996774,5
"43",12731,8366,109,17927.78,13,1379.06,2
"44",12471,7965,152,17010.33,31,548.720323,5
"45",17428,9435,255,16895.39,29,582.599655,5
"46",13881,10062,72,16893.16,21,804.43619,5
"47",13767,7258,55,16706.79,38,439.652368,5
"48",12678,10899,105,16481.35,13,1267.796154,2
"49",12921,9454,233,16369.1,38,430.765789,5
"50",12901,20915,32,16293.1,29,561.831034,5
"51",17677,9725,179,16178.9,31,521.9,5
"52",15856,10941,297,16161.19,28,577.185357,5
"53",15189,6035,80,15458.32,42,368.055238,5
"54",16839,8470,117,15318.3,35,437.665714,5
"55",14051,3741,52,15247.21,24,635.300417,5
"56",14031,5370,121,14451.48,20,722.574,5
"57",15513,5545,183,14170.91,20,708.5455,5
"58",14866,6569,30,14168.98,13,1089.921538,2
"59",16133,8738,221,13953.4,34,410.394118,5
"60",16705,5458,135,13805.57,21,657.408095,5
"61",12433,11071,219,13331.17,7,1904.452857,3
"62",17735,8439,319,13087.94,19,688.838947,5
"63",12681,7518,267,13022.91,23,566.213478,5
"64",15498,6084,362,13013.72,28,464.775714,5
"65",12621,7404,261,12944.92,21,616.424762,5
"66",12477,3620,192,12901.52,7,1843.074286,2
"67",14258,7098,58,12577.92,10,1257.792,2
"68",13078,5557,96,12410.08,27,459.632593,5
"69",15640,6572,241,12268.42,16,766.77625,5
"70",17340,5902,231,12032.63,12,1002.719167,5
"71",12557,4384,15,11990.96,5,2398.192,3
"72",12540,6677,278,11940.51,18,663.361667,5
"73",16000,5110,9,11889.7,3,3963.233333,3
"74",16525,6493,75,11853.81,27,439.03,5
"75",12682,5575,209,11677.33,31,376.688065,5
"76",12939,4876,21,11581.8,8,1447.725,2
"77",14607,7998,38,11339.78,15,755.985333,2
"78",14606,5978,832,11223.65,94,119.400532,4
"79",14194,5783,269,11053.96,22,502.452727,5
"80",15125,5991,102,10971.21,16,685.700625,5
"81",12971,9203,95,10923.3,87,125.555172,5
"82",12409,5543,91,10806.13,4,2701.5325,3
"83",14895,4823,275,10737.69,21,511.318571,5
"84",13340,5770,128,10696.8,7,1528.114286,2
"85",13319,4686,211,10543.26,27,390.491111,5
"86",14769,7406,718,10535.7,9,1170.633333,5
"87",17581,5861,231,10504.3,26,404.011538,5
"88",13113,2594,113,10470.52,25,418.8208,5
"89",14062,5593,60,10464.85,12,872.070833,2
"90",16779,5236,161,10447.45,23,454.236957,5
"91",17107,4537,269,10351.59,7,1478.798571,2
"92",15615,5493,185,10346.8,24,431.116667,5
"93",17139,5163,309,10203.94,13,784.918462,5
"94",16180,5853,92,10192.64,9,1132.515556,2
"95",16843,10154,226,10153.86,17,597.285882,5
"96",15251,6084,97,10091.97,12,840.9975,2
"97",17865,5698,191,10040.84,21,478.135238,5
"98",13001,5497,166,9797.92,14,699.851429,5
"99",17706,3833,270,9730.02,18,540.556667,5
"100",13199,6172,48,9695.27,39,248.596667,5
"101",15078,5069,98,9602.03,33,290.970606,5
"102",13458,5460,242,9526.88,15,635.125333,5
"103",14733,3725,102,9399.22,13,723.016923,2
"104",12590,4279,68,9348.37,3,3116.123333,3
"105",16523,4233,151,9163.67,22,416.530455,5
"106",14367,4410,270,9158.37,17,538.727647,5
"107",14667,5382,354,9144.41,26,351.708077,5
"108",12709,3832,103,9013.77,16,563.360625,5
"109",18092,4250,28,8973.6,12,747.8,2
"110",12744,5234,178,8804.96,8,1100.62,2
"111",12451,6455,265,8759.55,6,1459.925,2
"112",13488,4512,272,8750.31,14,625.022143,5
"113",13969,4483,334,8707.42,19,458.285263,5
"114",16033,3516,539,8632.85,21,411.088095,5
"115",17306,11470,13,8600.73,20,430.0365,5
"116",17017,6613,88,8574.11,21,408.290952,5
"117",16656,8873,14,8568.24,16,535.515,6
"118",17243,3362,180,8503.75,27,314.953704,5
"119",12567,4089,323,8501.54,11,772.867273,5
"120",13090,2194,98,8439.22,15,562.614667,6
"121",18139,5461,36,8393.22,7,1199.031429,2
"122",15358,6927,292,8212.72,23,357.074783,5
"123",16558,5346,264,8170.36,21,389.064762,5
"124",14056,4232,321,8100.06,24,337.5025,5
"125",16672,2812,23,8060.47,21,383.831905,6
"126",14936,4083,210,7984.68,9,887.186667,5
"127",14952,3295,119,7872.91,12,656.075833,5
"128",13854,2278,39,7869.02,26,302.654615,5
"129",14849,5656,159,7864.08,26,302.464615,5
"130",14796,5942,403,7809.15,18,433.841667,5
"131",12683,4903,177,7793.49,16,487.093125,5
"132",13629,4372,28,7786.84,11,707.894545,2
"133",15290,4431,93,7702,19,405.368421,5
"134",14527,2049,331,7612.46,56,135.936786,5
"135",17811,4128,359,7535.79,40,188.39475,5
"136",15044,2786,233,7534.22,18,418.567778,5
"137",18109,4219,120,7522.22,27,278.600741,5
"138",13093,3943,99,7496.71,9,832.967778,2
"139",18172,3170,101,7442.57,21,354.408095,5
"140",15194,5648,209,7432.41,16,464.525625,5
"141",12435,2055,31,7428.61,2,3714.305,3
"142",13263,4780,450,7397.16,35,211.347429,5
"143",13018,5434,313,7237.64,29,249.573793,5
"144",17396,2005,24,7215.27,8,901.90875,2
"145",16729,5769,235,7191.29,22,326.876818,5
"146",16745,6727,148,7170.7,18,398.372222,5
"147",18229,2488,66,7058.66,20,352.933,6
"148",13985,3439,108,7012.61,16,438.288125,5
"149",12798,5256,6,6977.04,3,2325.68,3
"150",13324,5200,25,6952.8,11,632.072727,6
"151",14961,3692,193,6939.62,10,693.962,5
"152",13027,17280,6,6912,6,1152,2
"153",12583,5009,115,6858.63,16,428.664375,5
"154",17416,4266,186,6827.3,8,853.4125,2
"155",12830,9847,14,6804.65,7,972.092857,2
"156",12989,2915,41,6788.27,16,424.266875,6
"157",16187,5004,160,6768.32,16,423.02,5
"158",12474,4764,253,6767.36,19,356.176842,5
"159",16532,2016,2,6748.8,3,2249.6,3
"160",15601,4978,230,6723.84,15,448.256,5
"161",16713,4264,339,6723.31,16,420.206875,5
"162",13576,2640,78,6686.87,19,351.940526,6
"163",16873,3825,179,6681.45,7,954.492857,2
"164",16353,2006,51,6675.71,23,290.248261,6
"165",12766,3646,205,6647.44,7,949.634286,2
"166",15249,3557,211,6642.4,14,474.457143,5
"167",16746,4662,234,6632.39,19,349.073158,5
"168",16182,3791,17,6617.65,4,1654.4125,2
"169",18055,2450,223,6604.32,11,600.392727,5
"170",15465,1217,43,6602.9,19,347.521053,6
"171",16923,3183,316,6575.75,20,328.7875,5
"172",17338,3123,390,6571.46,9,730.162222,5
"173",12705,3973,228,6546.03,10,654.603,5
"174",12428,3503,258,6545.58,10,654.558,5
"175",16652,3267,75,6540.74,8,817.5925,2
"176",15144,3026,132,6530.04,18,362.78,5
"177",15482,2998,46,6479.34,13,498.410769,6
"178",16814,2768,122,6443.2,22,292.872727,5
"179",15023,2863,347,6404.42,12,533.701667,5
"180",12431,2868,163,6363.32,16,397.7075,5
"181",13871,2801,155,6357.68,14,454.12,5
"182",13102,4160,141,6328.76,25,253.1504,5
"183",15694,1665,42,6311.07,15,420.738,6
"184",18223,2890,119,6298.67,15,419.911333,5
"185",16126,2125,57,6287.77,4,1571.9425,2
"186",13668,3637,286,6194.17,22,281.553182,5
"187",13709,3501,244,6181.48,14,441.534286,5
"188",15005,4204,368,6142.57,29,211.812759,5
"189",14057,4708,179,6139.12,18,341.062222,5
"190",14060,5374,86,6135.38,20,306.769,5
"191",17315,3856,259,6131.76,39,157.224615,5
"192",12357,2708,131,6125.14,1,6125.14,3
"193",17509,3530,75,6100.74,9,677.86,2
"194",15939,4725,28,6097.25,16,381.078125,6
"195",13225,3352,23,6083.04,8,760.38,2
"196",12626,3350,232,6001.58,10,600.158,5
"197",14101,6942,15,5976.79,6,996.131667,2
"198",13316,6947,67,5966.92,5,1193.384,2
"199",12472,4020,226,5919.4,8,739.925,5
"200",15382,4003,193,5888.98,7,841.282857,2
"201",12476,2337,177,5856.56,12,488.046667,5
"202",12637,2990,205,5826.53,9,647.392222,5
"203",14944,2801,101,5823.51,13,447.962308,6
"204",14735,2160,99,5802.68,33,175.838788,5
"205",13209,4232,255,5778.64,9,642.071111,5
"206",14415,2973,284,5774.72,14,412.48,5
"207",15218,3329,77,5751.37,11,522.851818,6
"208",13178,3570,95,5725.47,11,520.497273,6
"209",14505,2743,542,5723.84,9,635.982222,5
"210",13097,2341,215,5710.13,11,519.102727,5
"211",14110,2455,94,5669.65,13,436.126923,6
"212",16553,4595,63,5659.05,13,435.311538,6
"213",13468,2581,184,5614.91,38,147.760789,5
"214",13534,2876,119,5613.08,26,215.887692,5
"215",13418,3839,223,5604.62,19,294.98,5
"216",13004,4796,277,5602.39,19,294.862632,5
"217",17686,2478,205,5601.75,7,800.25,5
"218",13050,3707,246,5598.81,18,311.045,5
"219",12839,3804,96,5578.1,15,371.873333,6
"220",17757,3316,275,5574.45,31,179.820968,5
"221",16767,4435,148,5565.24,11,505.930909,5
"222",18118,2877,424,5534.9,27,204.996296,5
"223",14049,3846,352,5515.63,5,1103.126,5
"224",17716,3004,172,5480.83,12,456.735833,5
"225",15502,3823,164,5465.14,13,420.395385,5
"226",16985,1830,62,5445.06,11,495.005455,6
"227",16609,2410,155,5431.64,8,678.955,2
"228",15805,3337,220,5430.33,18,301.685,5
"229",12720,4654,211,5416.06,26,208.31,5
"230",17049,2669,201,5357.8,10,535.78,5
"231",18225,3206,151,5342.2,13,410.938462,5
"232",17809,2015,47,5334.86,13,410.373846,6
"233",17719,2455,111,5329.12,16,333.07,5
"234",13269,3509,178,5296.6,16,331.0375,5
"235",17730,3567,127,5288.83,14,377.773571,5
"236",12539,2066,158,5269.36,5,1053.872,2
"237",16303,2621,119,5236.23,4,1309.0575,2
"238",15150,3633,282,5235.27,11,475.933636,5
"239",16161,2506,293,5230.55,20,261.5275,5
"240",18226,3459,141,5189.59,12,432.465833,5
"241",16258,2994,111,5176.15,5,1035.23,2
"242",16265,2627,164,5173.97,10,517.397,5
"243",12481,3290,150,5165.31,11,469.573636,5
"244",12490,3064,131,5164.6,10,516.46,6
"245",16701,6211,99,5147.51,14,367.679286,5
"246",13756,3164,66,5140.1,15,342.673333,6
"247",15903,2409,46,5095.92,8,636.99,6
"248",14688,3222,148,5092.37,22,231.471364,5
"249",18198,3839,81,5078.04,18,282.113333,6
"250",17061,1484,57,5048.73,12,420.7275,6
"251",15719,2724,299,5039,14,359.928571,5
"252",17602,4135,335,5037.38,7,719.625714,5
"253",16700,4019,159,5037.24,14,359.802857,5
"254",13139,2418,132,5032.58,8,629.0725,6
"255",15046,3307,147,5015.52,16,313.47,5
"256",15301,2768,167,4996.68,13,384.36,5
"257",17858,2706,101,4994.49,12,416.2075,6
"258",14755,2217,128,4929.76,12,410.813333,6
"259",13599,3169,172,4925.72,22,223.896364,5
"260",16191,3203,67,4913.32,14,350.951429,6
"261",14709,2482,71,4906.18,14,350.441429,6
"262",15547,4032,441,4902.06,14,350.147143,5
"263",17133,2730,13,4892.24,7,698.891429,2
"264",12362,2212,201,4879.94,11,443.630909,5
"265",14329,3075,218,4864.66,8,608.0825,5
"266",12359,1612,214,4855.22,5,971.044,2
"267",17850,1693,24,4850.71,35,138.591714,5
"268",13941,2307,24,4785.37,6,797.561667,2
"269",15738,2967,46,4774.85,17,280.873529,6
"270",17365,4777,278,4765,8,595.625,5
"271",17426,3082,179,4755.94,7,679.42,5
"272",15786,3331,257,4754.93,4,1188.7325,2
"273",13013,2217,155,4749.36,14,339.24,5
"274",14292,1643,67,4742.77,10,474.277,6
"275",12955,3642,81,4734.26,12,394.521667,6
"276",16722,4989,96,4711.21,14,336.515,6
"277",15727,3065,213,4706.68,7,672.382857,5
"278",17652,2479,118,4693.06,13,361.004615,6
"279",14135,3850,95,4690.31,15,312.687333,6
"280",12700,2963,193,4681.42,5,936.284,2
"281",14159,4395,501,4660.3,12,388.358333,5
"282",14191,3657,146,4660.01,14,332.857857,5
"283",15555,4410,404,4644.92,17,273.230588,5
"284",15152,2694,196,4621.52,14,330.108571,5
"285",14189,3919,176,4604.31,16,287.769375,5
"286",14286,4306,220,4595.81,4,1148.9525,2
"287",16931,3158,448,4591.17,21,218.627143,5
"288",12688,3028,171,4571.78,1,4571.78,3
"289",14390,2125,135,4562.51,10,456.251,6
"290",12437,2918,119,4560.18,19,240.009474,5
"291",14562,1670,189,4555.02,19,239.737895,5
"292",15291,2074,63,4532.3,16,283.26875,6
"293",12664,1202,10,4531.74,10,453.174,6
"294",12714,3069,216,4516.35,5,903.27,2
"295",17068,2154,116,4512.02,22,205.091818,5
"296",17613,2470,211,4498.58,15,299.905333,5
"297",14004,2668,102,4492.24,7,641.748571,6
"298",15187,1869,61,4482.91,17,263.700588,6
"299",15032,2668,29,4464.1,4,1116.025,2
"300",17364,2680,288,4428.05,12,369.004167,5
"301",14085,3183,272,4400.69,19,231.615263,5
"302",15093,3733,52,4388.06,7,626.865714,6
"303",17975,1552,189,4367.71,14,311.979286,5
"304",15955,2124,137,4367.22,15,291.148,5
"305",12752,2262,53,4366.78,1,4366.78,3
"306",13267,1939,88,4360.28,20,218.014,6
"307",16945,2725,137,4337.78,19,228.304211,5
"308",16984,2408,354,4322.67,3,1440.89,2
"309",18251,7824,16,4314.72,1,4314.72,3
"310",17937,1754,19,4301.22,7,614.46,6
"311",12627,2752,162,4284.19,7,612.027143,6
"312",12347,2458,103,4268.6,7,609.8,6
"313",14422,2906,189,4230.24,6,705.04,2
"314",12524,3699,113,4225.62,8,528.2025,6
"315",15034,2411,299,4219.62,9,468.846667,5
"316",15971,1717,10,4199.85,12,349.9875,6
"317",17690,1767,186,4198.45,16,262.403125,5
"318",16626,2670,86,4195.29,18,233.071667,6
"319",12747,1275,42,4179.57,11,379.960909,6
"320",14800,3634,248,4161.45,13,320.111538,5
"321",12432,1801,107,4148.41,5,829.682,2
"322",16549,2365,445,4147.11,10,414.711,5
"323",18041,3810,285,4139.86,22,188.175455,5
"324",12949,2363,166,4134.74,9,459.415556,5
"325",14525,2662,218,4131.84,10,413.184,5
"326",13555,2660,128,4116.94,4,1029.235,2
"327",17419,1872,155,4113.76,13,316.443077,5
"328",17920,2516,407,4093.6,17,240.8,5
"329",17377,2075,191,4090.93,21,194.80619,5
"330",12500,2671,34,4087.51,12,340.625833,6
"331",14180,710,112,4080.92,26,156.958462,5
"332",12484,2185,256,4078.42,7,582.631429,5
"333",12757,2385,237,4076.93,14,291.209286,5
"334",13384,2415,123,4074.72,8,509.34,6
"335",16592,2914,142,4068.32,17,239.312941,5
"336",16401,3858,68,4061.24,13,312.403077,6
"337",14092,2061,117,4053.18,15,270.212,6
"338",15570,2058,232,4050.81,13,311.600769,5
"339",14401,4505,113,4037.47,14,288.390714,6
"340",12712,1044,59,4031.34,14,287.952857,6
"341",12536,2652,260,4021.22,4,1005.305,2
"342",14534,1925,334,4020.18,19,211.588421,5
"343",14016,2124,154,4017.44,5,803.488,2
"344",17567,2428,110,4009.8,9,445.533333,6
"345",12444,1155,138,4002.35,5,800.47,2
"346",16670,2524,179,3995.84,12,332.986667,5
"347",13988,3025,188,3988.52,7,569.788571,5
"348",16186,3008,87,3986.42,13,306.647692,6
"349",12867,4274,241,3986.22,8,498.2775,5
"350",15529,3489,415,3967.78,12,330.648333,5
"351",13183,2208,51,3957.78,9,439.753333,6
"352",12378,2529,219,3953.9,1,3953.9,3
"353",15874,2506,123,3952.56,8,494.07,6
"354",17611,2552,440,3939.59,16,246.224375,5
"355",12957,2531,208,3938.75,9,437.638889,5
"356",17001,2164,75,3922.41,11,356.582727,6
"357",17769,1857,200,3915.4,11,355.945455,5
"358",17593,3095,190,3901.64,6,650.273333,5
"359",13802,2281,57,3900.51,4,975.1275,2
"360",14739,3817,47,3899.1,8,487.3875,6
"361",15416,2089,165,3896.01,5,779.202,2
"362",12449,1553,118,3895.99,4,973.9975,2
"363",17651,3100,149,3883.91,11,353.082727,5
"364",15299,2940,9,3881.02,8,485.1275,6
"365",14547,2658,198,3880.16,9,431.128889,5
"366",13999,2231,102,3865.26,13,297.327692,6
"367",15195,1404,1,3861,1,3861,3
"368",12779,1996,88,3860.42,9,428.935556,6
"369",18073,3098,23,3844.4,13,295.723077,6
"370",12841,2683,230,3838.84,26,147.647692,5
"371",16327,2571,142,3829.16,6,638.193333,2
"372",14426,2339,187,3820.56,11,347.323636,5
"373",14277,1624,195,3818.95,4,954.7375,2
"374",15804,2515,170,3797.05,14,271.217857,5
"375",14291,2748,145,3795.18,12,316.265,5
"376",17091,1743,119,3784.57,10,378.457,6
"377",13435,2125,68,3783.04,8,472.88,6
"378",13124,2147,185,3779.57,3,1259.856667,2
"379",13815,2557,132,3774.87,5,754.974,2
"380",15298,2752,115,3774.1,13,290.315385,6
"381",16168,1888,57,3759.56,28,134.27,5
"382",12656,1708,89,3747.4,6,624.566667,6
"383",16145,3072,134,3736.46,12,311.371667,6
"384",12749,1422,160,3733.17,6,622.195,6
"385",14282,2668,70,3729.34,15,248.622667,6
"386",17173,1121,36,3727.81,9,414.201111,6
"387",15867,2052,302,3727.04,16,232.94,5
"388",13069,5466,285,3715.31,25,148.6124,5
"389",14364,1967,61,3714.59,8,464.32375,6
"390",12727,2085,109,3714.09,8,464.26125,6
"391",15808,1341,143,3705.45,5,741.09,2
"392",17238,1822,297,3700.13,17,217.654706,5
"393",12980,864,6,3697.5,10,369.75,6
"394",16904,2034,387,3685.77,16,230.360625,5
"395",16655,2367,208,3678.64,6,613.106667,5
"396",13505,2461,182,3673.93,5,734.786,2
"397",16253,3137,115,3665.62,3,1221.873333,2
"398",12662,2040,129,3660.95,12,305.079167,6
"399",13266,4299,83,3657.75,13,281.365385,6
"400",18079,7432,99,3651.97,4,912.9925,2
"401",15845,1918,97,3648.36,9,405.373333,6
"402",12569,1793,92,3647.51,33,110.530606,5
"403",16440,2018,186,3640.67,5,728.134,2
"404",13137,2225,346,3640.42,9,404.491111,5
"405",16570,2050,70,3632.87,11,330.260909,6
"406",13381,2027,77,3626.81,7,518.115714,6
"407",15379,2293,145,3612.57,8,451.57125,6
"408",13327,1588,74,3612.05,9,401.338889,6
"409",16242,1981,184,3591.3,8,448.9125,5
"410",16712,1749,259,3590.11,11,326.373636,5
"411",13082,4313,63,3588.52,10,358.852,6
"412",15296,1757,137,3583.91,7,511.987143,6
"413",14132,3366,100,3572.29,12,297.690833,6
"414",17203,2850,116,3563.85,6,593.975,6
"415",12562,1779,99,3549.84,7,507.12,6
"416",13426,2224,104,3549.06,11,322.641818,6
"417",15484,3136,135,3547.67,5,709.534,2
"418",15544,3105,122,3536.99,10,353.699,6
"419",12429,1557,82,3533.01,4,883.2525,2
"420",13334,1774,207,3531.66,3,1177.22,2
"421",13953,2724,8,3515.68,7,502.24,6
"422",17491,2012,72,3511.12,11,319.192727,6
"423",17160,2856,111,3508.01,6,584.668333,6
"424",14503,2004,113,3504.86,6,584.143333,6
"425",17819,1027,36,3501.95,8,437.74375,6
"426",14040,1524,147,3497.55,13,269.042308,5
"427",15505,2348,90,3497.14,6,582.856667,6
"428",16458,2154,52,3482.74,18,193.485556,6
"429",13523,1745,157,3481.83,6,580.305,6
"430",13552,1386,82,3474.01,13,267.231538,6
"431",14395,1689,181,3469.15,10,346.915,5
"432",16131,1802,55,3467.9,6,577.983333,6
"433",12668,1595,115,3460.55,5,692.11,2
"434",12370,2353,143,3455.66,4,863.915,2
"435",12553,1924,95,3453.75,11,313.977273,6
"436",13448,1638,137,3451.27,7,493.038571,6
"437",17758,2091,310,3445.04,8,430.63,5
"438",15113,2362,77,3439.41,4,859.8525,2
"439",13536,2136,91,3428.21,7,489.744286,6
"440",15129,1794,54,3426.89,11,311.535455,6
"441",15981,1866,53,3408.48,8,426.06,6
"442",17230,1553,51,3408.11,9,378.678889,6
"443",17669,1916,45,3406.72,7,486.674286,6
"444",16360,2128,365,3404.73,7,486.39,5
"445",14907,1686,125,3397.89,8,424.73625,6
"446",17576,1954,245,3395.72,20,169.786,5
"447",15974,2256,141,3387.09,8,423.38625,6
"448",16019,1649,133,3382.32,10,338.232,6
"449",15410,1200,48,3379.68,8,422.46,6
"450",16240,1634,127,3359.25,3,1119.75,2
"451",16011,2042,99,3352.73,16,209.545625,6
"452",17725,2141,115,3339.11,12,278.259167,6
"453",14221,2190,123,3334.06,10,333.406,6
"454",17528,2130,183,3327.03,9,369.67,5
"455",15228,2252,110,3322.64,5,664.528,2
"456",15708,1258,124,3321.44,8,415.18,6
"457",13198,2645,200,3321.41,7,474.487143,5
"458",12647,1420,79,3316.72,13,255.132308,6
"459",14227,1811,117,3305.79,11,300.526364,6
"460",13373,1651,135,3286.77,3,1095.59,2
"461",16818,2163,172,3285.53,12,273.794167,5
"462",14841,1778,103,3279.2,6,546.533333,6
"463",16717,1568,178,3278.36,7,468.337143,6
"464",17723,792,4,3276.4,6,546.066667,6
"465",16556,1890,144,3267.6,7,466.8,6
"466",13842,1768,155,3267.38,9,363.042222,6
"467",13148,1828,238,3266.87,13,251.297692,5
"468",15676,2231,191,3266.32,4,816.58,2
"469",12406,1809,92,3265.87,3,1088.623333,2
"470",13437,1283,143,3262.18,7,466.025714,6
"471",12417,1539,158,3258.41,10,325.841,6
"472",17183,1264,42,3248.78,7,464.111429,6
"473",12594,1776,50,3248.18,11,295.289091,6
"474",13993,892,66,3228.49,10,322.849,6
"475",12597,2187,184,3227.87,5,645.574,2
"476",12643,1808,11,3223.46,6,537.243333,6
"477",17050,1614,169,3215.2,6,535.866667,6
"478",13880,1842,125,3193.17,13,245.628462,6
"479",17685,1956,88,3191.53,7,455.932857,6
"480",13868,1964,32,3189.78,2,1594.89,2
"481",13952,1425,120,3188.09,3,1062.696667,2
"482",17220,1905,303,3173.79,14,226.699286,5
"483",14844,1833,87,3173.25,4,793.3125,2
"484",15443,1660,237,3163.85,8,395.48125,5
"485",13014,886,67,3162.63,11,287.511818,6
"486",17863,2638,110,3160,6,526.666667,6
"487",13758,1844,104,3148.75,7,449.821429,6
"488",14145,636,6,3148.2,5,629.64,6
"489",15632,2049,107,3147.31,9,349.701111,6
"490",14388,1933,124,3142.52,9,349.168889,6
"491",15622,1552,169,3138.87,10,313.887,5
"492",13268,3635,257,3134.92,12,261.243333,5
"493",14702,1444,196,3122.36,18,173.464444,5
"494",13685,5056,29,3119.44,7,445.634286,6
"495",17231,1736,294,3115.27,11,283.206364,5
"496",15764,2036,150,3108.39,7,444.055714,6
"497",13520,1642,49,3097.62,7,442.517143,6
"498",13135,4300,1,3096,1,3096,3
"499",12613,1596,124,3095.8,6,515.966667,6
"500",13869,1721,234,3089.63,4,772.4075,2
"501",16107,1176,16,3088.96,7,441.28,6
"502",12502,820,102,3087.64,5,617.528,6
"503",14235,1947,65,3086.18,6,514.363333,6
"504",12480,1707,129,3086.09,4,771.5225,2
"505",12910,1692,48,3075.04,8,384.38,6
"506",13362,1379,128,3074.95,5,614.99,6
"507",17059,1855,292,3073.46,5,614.692,5
"508",14099,2177,167,3070.95,12,255.9125,5
"509",13047,1355,106,3068.25,11,278.931818,6
"510",12619,3354,50,3067.48,10,306.748,6
"511",18272,2044,99,3064.78,7,437.825714,6
"512",16837,1562,123,3056.82,12,254.735,6
"513",14257,1677,89,3055.79,6,509.298333,6
"514",16218,2077,56,3054.87,8,381.85875,6
"515",17672,1672,105,3050.86,3,1016.953333,2
"516",16905,1407,117,3048.87,8,381.10875,6
"517",15998,2037,373,3046.61,6,507.768333,5
"518",16940,2169,226,3042.92,3,1014.306667,2
"519",16326,689,158,3037.03,15,202.468667,5
"520",14456,2901,580,3034.58,10,303.458,5
"521",13015,1617,156,3032.73,5,606.546,6
"522",13631,460,6,3021.77,12,251.814167,6
"523",18094,2518,39,3017.3,7,431.042857,6
"524",16678,2368,93,3013.83,13,231.833077,6
"525",16041,1584,6,3007.68,3,1002.56,2
"526",16156,1270,109,3000.78,10,300.078,6
"527",15861,2543,339,3000.36,9,333.373333,5
"528",14175,1461,139,2998.18,4,749.545,2
"529",15491,1624,108,2992.51,7,427.501429,6
"530",12754,6479,50,2990.76,4,747.69,2
"531",13742,1116,200,2986.26,13,229.712308,5
"532",17799,1755,280,2984.08,11,271.28,5
"533",15854,939,105,2974.65,12,247.8875,6
"534",15514,1791,96,2963.19,12,246.9325,6
"535",14307,2058,150,2962.29,6,493.715,6
"536",14565,1532,111,2945.46,5,589.092,6
"537",16393,1529,121,2941.05,14,210.075,6
"538",14032,2008,53,2929.84,12,244.153333,6
"539",12916,1111,53,2927.65,5,585.53,6
"540",18087,3571,7,2927.31,3,975.77,2
"541",15687,1308,119,2924.66,10,292.466,6
"542",17512,2752,61,2920.04,11,265.458182,6
"543",16686,2025,406,2918.26,8,364.7825,5
"544",17084,1816,146,2917.75,2,1458.875,2
"545",12906,1749,55,2917.05,5,583.41,6
"546",13451,2143,315,2911.65,6,485.275,5
"547",12598,1940,84,2903.8,9,322.644444,6
"548",14868,1399,96,2900.56,9,322.284444,6
"549",17924,1141,27,2894.33,8,361.79125,6
"550",16497,1396,128,2893.18,6,482.196667,6
"551",14146,1886,183,2888.49,6,481.415,6
"552",14530,1410,140,2884.74,6,480.79,6
"553",14251,1674,37,2879.7,5,575.94,6
"554",12670,1391,58,2874.01,6,479.001667,6
"555",14639,1428,138,2873.16,7,410.451429,6
"556",17659,1486,127,2866.62,13,220.509231,6
"557",15628,1882,85,2865.64,10,286.564,6
"558",15673,1514,107,2857.18,4,714.295,2
"559",18144,1343,27,2855.63,12,237.969167,6
"560",16709,851,64,2844.85,5,568.97,6
"561",18145,2625,174,2841.59,4,710.3975,2
"562",14543,600,43,2832.21,17,166.600588,6
"563",14299,2013,94,2830.52,10,283.052,6
"564",14535,1825,280,2830.05,4,707.5125,5
"565",14005,2478,53,2826.24,5,565.248,6
"566",17596,4400,168,2822.41,7,403.201429,5
"567",14852,1747,96,2816.35,6,469.391667,6
"568",16633,1137,115,2814.29,7,402.041429,6
"569",17728,1464,154,2812.34,4,703.085,2
"570",16607,2822,140,2806.14,15,187.076,5
"571",12395,2113,91,2803.47,13,215.651538,6
"572",12758,2135,84,2791.59,2,1395.795,2
"573",16081,1477,175,2790.34,5,558.068,6
"574",17739,856,29,2786.05,8,348.25625,6
"575",13901,1739,144,2784.85,5,556.97,6
"576",16928,2094,72,2778.94,18,154.385556,6
"577",15065,1355,148,2777.44,5,555.488,6
"578",12388,1462,57,2773.7,6,462.283333,6
"579",14112,1608,117,2768.19,8,346.02375,6
"580",15984,1833,217,2767.28,11,251.570909,5
"581",15356,1673,215,2766.5,10,276.65,5
"582",17644,1741,103,2763.96,12,230.33,6
"583",15114,3096,136,2760.56,10,276.056,6
"584",16764,1247,209,2752.73,14,196.623571,5
"585",16871,1250,131,2746.25,7,392.321429,6
"586",14572,1425,191,2732.21,8,341.52625,5
"587",13870,1320,91,2731.81,9,303.534444,6
"588",13769,1152,73,2730.79,11,248.253636,6
"589",12685,1523,117,2724.72,6,454.12,6
"590",14121,2078,148,2718.63,5,543.726,6
"591",18230,1298,32,2716.6,8,339.575,6
"592",13174,1395,228,2716.27,3,905.423333,2
"593",12408,1399,81,2715.64,6,452.606667,6
"594",12840,1505,67,2714.27,5,542.854,6
"595",17504,1456,112,2711.52,10,271.152,6
"596",15993,2042,336,2710.14,8,338.7675,5
"597",17213,1167,85,2705.6,8,338.2,6
"598",14903,1491,227,2698.73,6,449.788333,5
"599",13971,1818,118,2696.7,9,299.633333,6
"600",14626,1387,108,2693.55,5,538.71,6
"601",14125,1640,159,2690.11,3,896.703333,2
"602",17386,1902,23,2686.42,6,447.736667,6
"603",13285,2051,157,2685.48,4,671.37,2
"604",12473,2363,140,2679.72,6,446.62,6
"605",14732,1402,105,2677.86,9,297.54,6
"606",18097,1685,66,2676.79,7,382.398571,6
"607",13735,1083,161,2673.73,5,534.746,6
"608",14107,1788,61,2673.6,8,334.2,6
"609",12456,1616,105,2667.3,4,666.825,2
"610",13230,1544,393,2662.06,15,177.470667,5
"611",15796,859,71,2656.14,9,295.126667,6
"612",14854,1822,110,2656.13,8,332.01625,6
"613",13851,1705,77,2651.46,3,883.82,2
"614",13654,2182,157,2650.63,6,441.771667,6
"615",14713,1613,146,2641.66,12,220.138333,6
"616",18077,1878,101,2633.01,11,239.364545,6
"617",13771,1476,114,2628.94,5,525.788,6
"618",15321,1163,83,2624.97,4,656.2425,2
"619",12356,1591,53,2624.77,3,874.923333,2
"620",15671,1681,52,2619.95,8,327.49375,6
"621",15752,1973,236,2618.97,8,327.37125,5
"622",14262,1645,87,2618.23,8,327.27875,6
"623",13804,1498,124,2614.03,7,373.432857,6
"624",17069,1482,111,2612.38,10,261.238,6
"625",15696,1022,140,2609.86,9,289.984444,6
"626",16241,1453,347,2607.87,13,200.605385,5
"627",14408,1616,60,2606.53,7,372.361429,6
"628",18210,1398,109,2603.88,6,433.98,6
"629",16919,1413,141,2596.45,11,236.040909,6
"630",13895,1364,97,2582.6,5,516.52,6
"631",16255,1760,146,2581.1,9,286.788889,6
"632",15485,1306,59,2575,3,858.333333,2
"633",18260,1469,86,2573.05,7,367.578571,6
"634",17965,1556,274,2572.93,14,183.780714,5
"635",14439,526,32,2570.68,1,2570.68,3
"636",13911,2731,120,2569.87,9,285.541111,6
"637",12438,1180,84,2562.94,2,1281.47,2
"638",17346,1639,299,2560.63,16,160.039375,5
"639",16308,8000,1,2560,4,640,2
"640",14397,1852,18,2556.68,20,127.834,6
"641",16618,1362,79,2555.76,6,425.96,6
"642",13422,1321,127,2555.71,2,1277.855,2
"643",14676,2498,30,2543.24,7,363.32,6
"644",14334,1730,98,2539.46,9,282.162222,6
"645",13644,2060,144,2531.76,5,506.352,6
"646",15033,1692,315,2529.39,11,229.944545,5
"647",13021,1336,103,2525.41,10,252.541,6
"648",17317,1074,8,2524.02,4,631.005,6
"649",12726,3143,57,2520.99,7,360.141429,6
"650",13136,1312,97,2520.54,6,420.09,6
"651",15245,1784,55,2515.84,3,838.613333,2
"652",14243,1204,99,2513,11,228.454545,6
"653",13471,1590,214,2512.14,4,628.035,5
"654",17314,1884,120,2509.74,9,278.86,6
"655",18075,1437,97,2506.66,11,227.878182,6
"656",12380,1126,77,2503.63,5,500.726,6
"657",13975,1725,240,2503.23,7,357.604286,5
"658",13883,1368,110,2495.75,6,415.958333,6
"659",16477,1415,111,2494.46,7,356.351429,6
"660",17402,701,33,2493.96,13,191.843077,6
"661",17449,1115,178,2492.93,8,311.61625,6
"662",18245,1781,155,2491.56,8,311.445,6
"663",17700,1261,118,2491.39,5,498.278,6
"664",13695,1603,46,2484.09,15,165.606,6
"665",16912,1014,89,2483,12,206.916667,6
"666",17655,956,66,2482.48,8,310.31,6
"667",14546,1287,255,2482.06,6,413.676667,5
"668",12578,1171,112,2478.62,3,826.206667,2
"669",15782,863,34,2477.79,4,619.4475,6
"670",12625,1577,74,2475.3,3,825.1,2
"671",12836,1064,148,2475.27,4,618.8175,6
"672",12721,1954,134,2474.15,7,353.45,6
"673",12913,1419,37,2473.61,5,494.722,6
"674",15932,2311,93,2461.85,9,273.538889,6
"675",12600,773,32,2460.89,11,223.717273,6
"676",17164,1500,92,2455.48,8,306.935,6
"677",14842,1146,128,2451.28,5,490.256,6
"678",15750,1779,214,2448.47,9,272.052222,5
"679",17682,1365,48,2448.41,7,349.772857,6
"680",12708,1270,86,2447.77,11,222.524545,6
"681",13507,1597,146,2446.6,4,611.65,6
"682",14659,1183,147,2445.49,10,244.549,6
"683",16710,1836,268,2441.45,10,244.145,5
"684",15271,1257,184,2439.68,16,152.48,5
"685",13588,2573,132,2431.2,10,243.12,6
"686",12520,1430,121,2428.67,6,404.778333,6
"687",13784,2493,9,2428.11,11,220.737273,6
"688",13949,2474,124,2427.32,6,404.553333,6
"689",14766,1323,111,2427.21,7,346.744286,6
"690",15606,720,51,2422.64,10,242.264,6
"691",17131,983,78,2414.57,5,482.914,6
"692",14315,1010,64,2404.62,7,343.517143,6
"693",15980,1560,40,2398.86,3,799.62,2
"694",17444,2119,132,2390.81,3,796.936667,2
"695",12455,2089,85,2389.81,6,398.301667,6
"696",17071,1182,102,2385.48,10,238.548,6
"697",12517,1348,232,2384.79,6,397.465,5
"698",17589,1631,172,2375.7,4,593.925,6
"699",13141,1547,113,2374.76,6,395.793333,6
"700",18065,1024,110,2366.76,15,157.784,6
"701",13722,1400,75,2360.88,4,590.22,6
"702",15521,1674,117,2359.8,9,262.2,6
"703",14554,1478,147,2353.64,4,588.41,6
"704",15572,1229,166,2346.25,7,335.178571,6
"705",15089,1359,139,2343.68,6,390.613333,6
"706",14163,893,36,2342.31,4,585.5775,6
"707",18259,714,27,2338.6,3,779.533333,2
"708",15140,1567,74,2338.32,8,292.29,6
"709",16316,1466,121,2335.13,9,259.458889,6
"710",17530,1526,306,2330.65,10,233.065,5
"711",13658,1009,91,2327.19,6,387.865,6
"712",14502,1483,369,2322.54,12,193.545,5
"713",17634,840,209,2322.41,9,258.045556,5
"714",14493,1279,95,2321.43,6,386.905,6
"715",13394,2215,126,2311.28,9,256.808889,6
"716",15755,1397,127,2306.33,7,329.475714,6
"717",13908,1470,104,2306.08,5,461.216,6
"718",15527,988,128,2302.32,9,255.813333,6
"719",14239,986,83,2301.3,12,191.775,6
"720",15105,1211,90,2298.93,7,328.418571,6
"721",17954,2229,327,2295.37,13,176.566923,5
"722",13994,940,122,2294.32,6,382.386667,6
"723",15704,1028,79,2293.62,4,573.405,6
"724",17744,3376,111,2291.08,7,327.297143,6
"725",15288,775,80,2289.96,5,457.992,6
"726",17434,1685,100,2288.47,8,286.05875,6
"727",17313,1382,24,2288.13,2,1144.065,2
"728",14930,1166,116,2287.57,3,762.523333,2
"729",17722,1572,112,2285.12,5,457.024,6
"730",14440,588,33,2281.4,5,456.28,6
"731",14309,1619,75,2281.04,10,228.104,6
"732",13704,1528,111,2274.55,10,227.455,6
"733",14290,913,90,2272.47,6,378.745,6
"734",13700,2304,139,2265.12,10,226.512,6
"735",12360,1165,105,2260.93,3,753.643333,2
"736",16735,1554,88,2258.17,6,376.361667,6
"737",16209,1179,37,2257.61,5,451.522,6
"738",14432,2070,256,2255.51,6,375.918333,5
"739",12397,1263,110,2255.21,2,1127.605,2
"740",17188,1301,71,2254.46,8,281.8075,6
"741",18257,1010,98,2252.08,9,250.231111,6
"742",17211,1310,150,2251.63,9,250.181111,6
"743",13527,1673,153,2250.46,8,281.3075,6
"744",16003,1185,82,2242.77,5,448.554,6
"745",15235,1324,132,2233.59,12,186.1325,6
"746",15665,1666,92,2227.05,2,1113.525,2
"747",14700,1342,80,2224.26,3,741.42,2
"748",16550,1526,163,2224.21,6,370.701667,6
"749",16782,703,103,2223.77,14,158.840714,6
"750",14711,966,221,2222.99,12,185.249167,5
"751",15785,1594,58,2221.75,6,370.291667,6
"752",16771,1489,200,2221.26,5,444.252,6
"753",17768,1186,77,2218.34,3,739.446667,2
"754",15281,1193,122,2215.67,10,221.567,6
"755",15370,828,65,2211.23,8,276.40375,6
"756",12755,866,5,2210.76,3,736.92,2
"757",17940,9751,8,2208.61,11,200.782727,6
"758",14211,1232,87,2205.54,10,220.554,6
"759",18242,1017,72,2203.57,4,550.8925,6
"760",15797,873,8,2202.39,4,550.5975,6
"761",13680,1267,164,2202.31,5,440.462,6
"762",14825,991,82,2202.07,12,183.505833,6
"763",17442,1490,97,2198.34,7,314.048571,6
"764",12615,1376,82,2197.56,4,549.39,6
"765",17591,1008,81,2197.1,8,274.6375,6
"766",17696,1730,79,2196.09,9,244.01,6
"767",14776,2688,44,2195.58,12,182.965,6
"768",12684,1985,61,2193.51,7,313.358571,6
"769",16743,2010,89,2191.84,8,273.98,6
"770",13862,1682,97,2187.31,9,243.034444,6
"771",15722,1021,47,2186.73,6,364.455,6
"772",15179,1907,91,2186.2,6,364.366667,6
"773",15123,1195,93,2185.51,2,1092.755,2
"774",13831,745,58,2183.67,6,363.945,6
"775",16628,1202,79,2183.04,6,363.84,6
"776",14808,2054,179,2182.02,9,242.446667,5
"777",16293,978,102,2178,11,198,6
"778",17838,1421,96,2175.61,6,362.601667,6
"779",14226,1301,64,2173.92,6,362.32,6
"780",16076,1363,71,2173.53,11,197.593636,6
"781",16143,917,75,2171.94,7,310.277143,6
"782",12653,919,37,2163.77,2,1081.885,2
"783",14341,1401,109,2163.62,9,240.402222,6
"784",16456,1148,80,2158.37,5,431.674,6
"785",14466,1006,35,2158,7,308.285714,6
"786",12935,1852,80,2156.45,8,269.55625,6
"787",14701,909,273,2154.35,10,215.435,5
"788",15811,1061,117,2153.68,7,307.668571,6
"789",13224,1512,101,2150.85,3,716.95,2
"790",15394,910,54,2149.94,4,537.485,6
"791",12856,1076,155,2149.13,7,307.018571,6
"792",16966,1978,9,2148.47,8,268.55875,6
"793",13115,1534,92,2145.71,5,429.142,6
"794",14560,1223,39,2143.34,23,93.188696,6
"795",14828,2172,17,2139.76,3,713.253333,2
"796",17272,1776,70,2136.69,5,427.338,6
"797",12876,1941,67,2133.15,2,1066.575,2
"798",13365,1238,122,2130.76,3,710.253333,2
"799",13344,971,115,2128.39,3,709.463333,2
"800",16379,1408,87,2126.38,5,425.276,6
"801",16057,833,109,2120.6,8,265.075,6
"802",13317,1003,101,2116.31,7,302.33,6
"803",13632,1036,121,2114.26,6,352.376667,6
"804",16407,1124,99,2114.25,10,211.425,6
"805",18061,955,18,2111.57,10,211.157,6
"806",18008,1581,24,2108.75,9,234.305556,6
"807",18173,1220,23,2106.84,4,526.71,6
"808",13755,1241,232,2102.74,10,210.274,5
"809",15373,476,74,2101.38,13,161.644615,6
"810",13517,1360,125,2100.79,4,525.1975,6
"811",15815,1856,33,2100.6,5,420.12,6
"812",14691,707,50,2093.75,5,418.75,6
"813",14515,1134,68,2092.13,6,348.688333,6
"814",17400,1097,175,2092.06,5,418.412,6
"815",13297,963,52,2089.85,4,522.4625,6
"816",15058,1069,199,2089.63,11,189.966364,5
"817",18283,1397,263,2088.92,16,130.5575,5
"818",13265,1752,66,2085.46,5,417.092,6
"819",18093,1381,31,2083.42,5,416.684,6
"820",13571,1759,157,2079.6,12,173.3,6
"821",14810,1016,106,2077.92,11,188.901818,6
"822",14696,1626,117,2070.97,8,258.87125,6
"823",17191,1167,163,2064.89,7,294.984286,6
"824",12928,1472,59,2062.7,5,412.54,6
"825",14360,1151,104,2062.59,4,515.6475,6
"826",16281,934,17,2062.06,1,2062.06,2
"827",14482,1646,110,2055.97,6,342.661667,6
"828",18231,808,106,2055.13,6,342.521667,6
"829",18241,1047,60,2050.65,18,113.925,6
"830",12948,1077,82,2048.18,8,256.0225,6
"831",14461,766,173,2047.48,3,682.493333,2
"832",17625,1198,223,2047,4,511.75,5
"833",13126,2130,124,2046.82,9,227.424444,6
"834",13450,1982,32,2043.72,6,340.62,6
"835",14232,1937,81,2041.17,6,340.195,6
"836",17090,920,45,2039.09,8,254.88625,6
"837",14306,1073,33,2037.94,3,679.313333,2
"838",12633,1149,73,2036.5,5,407.3,6
"839",16954,1054,40,2029.16,9,225.462222,6
"840",16358,1301,82,2024.95,5,404.99,6
"841",14001,959,35,2024.81,4,506.2025,6
"842",17086,1859,76,2024.11,6,337.351667,6
"843",17667,1037,85,2022.39,5,404.478,6
"844",12782,1070,81,2021.18,6,336.863333,6
"845",18069,1308,334,2021,6,336.833333,5
"846",15341,812,17,2020.52,1,2020.52,2
"847",14209,688,55,2019.77,7,288.538571,6
"848",15270,1459,22,2019.06,8,252.3825,6
"849",14188,1145,34,2018.91,7,288.415714,6
"850",12501,1722,149,2018.64,2,1009.32,2
"851",14544,1543,97,2017.49,2,1008.745,2
"852",18044,1032,88,2016.29,11,183.299091,6
"853",16409,1306,145,2015.08,5,403.016,6
"854",16875,1044,94,2009.55,6,334.925,6
"855",17597,1176,55,2009.39,1,2009.39,2
"856",17861,1968,172,2008.76,9,223.195556,6
"857",15372,2924,27,2007.4,1,2007.4,2
"858",14407,1412,67,2005.83,7,286.547143,6
"859",12483,1097,46,2003,9,222.555556,6
"860",16754,4280,2,2002.4,1,2002.4,2
"861",14506,730,204,1999.74,5,399.948,6
"862",18188,1167,63,1998.49,4,499.6225,6
"863",12560,1078,92,1998.31,4,499.5775,6
"864",16698,840,4,1998,2,999,2
"865",18219,883,58,1996.48,11,181.498182,6
"866",13630,1377,51,1995.68,8,249.46,6
"867",17612,1787,117,1992.76,7,284.68,6
"868",13495,814,34,1990.12,6,331.686667,6
"869",13305,1232,50,1989.82,10,198.982,6
"870",14640,829,87,1987.43,7,283.918571,6
"871",13593,707,77,1984.76,6,330.793333,6
"872",15531,1105,196,1980.45,2,990.225,2
"873",17827,1247,190,1976.94,5,395.388,6
"874",18204,1198,159,1976.79,4,494.1975,6
"875",13590,1846,70,1970.6,7,281.514286,6
"876",12518,1318,84,1960.77,5,392.154,6
"877",17088,868,96,1959.44,4,489.86,6
"878",16341,1388,60,1959.38,5,391.876,6
"879",14730,1132,317,1943.9,8,242.9875,5
"880",17790,836,121,1942.53,14,138.752143,6
"881",17218,958,146,1939.76,10,193.976,6
"882",17554,1763,58,1937.01,5,387.402,6
"883",14462,932,151,1932.58,12,161.048333,6
"884",15834,961,243,1927.49,5,385.498,5
"885",14655,1088,35,1925.19,5,385.038,6
"886",17337,1240,421,1919.02,5,383.804,5
"887",17679,729,29,1918.95,2,959.475,2
"888",14978,525,136,1918.46,5,383.692,6
"889",15493,555,177,1916.45,6,319.408333,6
"890",16983,1366,112,1913.24,8,239.155,6
"891",13246,1552,110,1912.06,7,273.151429,6
"892",16426,1243,211,1908.25,10,190.825,5
"893",14418,1711,114,1906.47,3,635.49,2
"894",17228,1532,140,1906.09,8,238.26125,6
"895",16150,1004,91,1906.07,6,317.678333,6
"896",15518,1262,136,1904.45,9,211.605556,6
"897",14653,950,154,1904.37,7,272.052857,6
"898",14250,1200,94,1904.05,3,634.683333,6
"899",17490,1021,64,1903.84,8,237.98,6
"900",15819,1357,96,1901.53,4,475.3825,6
"901",14217,677,78,1899.18,18,105.51,6
"902",16938,1025,212,1892.73,5,378.546,5
"903",15641,1562,102,1887.2,4,471.8,6
"904",14210,759,66,1885.17,7,269.31,6
"905",14409,1158,40,1882.29,7,268.898571,6
"906",16942,807,159,1880.31,10,188.031,6
"907",16986,1040,3,1873.2,2,936.6,2
"908",14472,1160,153,1872.36,8,234.045,6
"909",17870,1400,214,1871.96,13,143.996923,5
"910",14285,541,18,1869.35,4,467.3375,6
"911",16128,988,76,1869.18,5,373.836,6
"912",14030,1479,210,1866.27,8,233.28375,5
"913",15021,829,287,1864.25,10,186.425,5
"914",15367,1055,92,1862.17,5,372.434,6
"915",14887,1100,6,1862,1,1862,2
"916",13982,1132,72,1861.11,5,372.222,6
"917",17463,1090,162,1858.14,6,309.69,6
"918",13890,826,74,1858.1,11,168.918182,6
"919",15351,732,160,1857.18,8,232.1475,6
"920",17787,910,94,1856.79,4,464.1975,6
"921",17422,2195,93,1853.13,7,264.732857,6
"922",12585,1258,77,1851.49,3,617.163333,6
"923",16170,1766,106,1850.46,7,264.351429,6
"924",12853,782,66,1848.58,7,264.082857,6
"925",13421,1180,89,1846.22,3,615.406667,6
"926",17469,778,61,1843.06,6,307.176667,6
"927",12950,1380,13,1843,3,614.333333,6
"928",17015,1981,182,1842.56,3,614.186667,2
"929",16455,988,69,1841.18,7,263.025714,6
"930",17519,1233,60,1839.07,7,262.724286,6
"931",14934,1041,68,1837.98,3,612.66,6
"932",18287,1586,59,1837.28,3,612.426667,6
"933",18180,1721,108,1835.47,6,305.911667,6
"934",16102,942,41,1832.2,3,610.733333,6
"935",15203,1753,82,1827.8,6,304.633333,6
"936",15814,1247,64,1826.67,5,365.334,6
"937",12963,873,76,1824.72,9,202.746667,6
"938",16169,1325,71,1822.97,4,455.7425,6
"939",12704,1003,64,1820.4,9,202.266667,6
"940",16098,613,34,1817.09,7,259.584286,6
"941",14533,2777,53,1812.62,8,226.5775,6
"942",16153,1073,78,1812.39,5,362.478,6
"943",16201,1267,74,1810.73,5,362.146,6
"944",13048,1230,77,1805.91,5,361.182,6
"945",16474,918,237,1803.44,8,225.43,5
"946",17293,1140,93,1801.34,9,200.148889,6
"947",13562,757,50,1799.33,3,599.776667,6
"948",14305,1069,96,1798.75,4,449.6875,6
"949",17750,3957,101,1797.57,9,199.73,6
"950",17738,1027,89,1796.11,5,359.222,6
"951",14498,1098,162,1794.87,5,358.974,6
"952",15157,2242,126,1794.84,4,448.71,6
"953",18122,1234,239,1791.29,6,298.548333,5
"954",14459,760,37,1788.24,1,1788.24,2
"955",14216,594,47,1787.16,4,446.79,6
"956",13650,918,79,1785.9,7,255.128571,6
"957",14608,437,8,1785.15,4,446.2875,6
"958",14935,935,10,1784.71,1,1784.71,2
"959",18179,1360,86,1782.69,6,297.115,6
"960",16979,860,64,1782.65,7,254.664286,6
"961",17705,957,63,1781.12,10,178.112,6
"962",16380,1524,28,1780.59,1,1780.59,2
"963",13875,1316,79,1778.51,5,355.702,6
"964",16249,950,67,1777.99,5,355.598,6
"965",13481,1127,98,1776.81,6,296.135,6
"966",16152,642,29,1775.76,1,1775.76,2
"967",16841,2234,101,1774.62,7,253.517143,6
"968",12674,1102,52,1773.96,5,354.792,6
"969",13510,1382,86,1772.61,5,354.522,6
"970",12762,1227,62,1772.45,2,886.225,2
"971",14215,1354,98,1772.4,7,253.2,6
"972",13983,1170,91,1772.12,13,136.316923,6
"973",17082,1049,75,1771.32,2,885.66,2
"974",16681,1407,18,1770.34,6,295.056667,6
"975",15864,1044,16,1769.78,7,252.825714,6
"976",17648,486,81,1767.6,5,353.52,6
"977",15594,982,85,1767.53,6,294.588333,6
"978",17629,1621,106,1765.19,9,196.132222,6
"979",16751,1031,24,1764.72,1,1764.72,2
"980",17092,1131,99,1763.86,4,440.965,6
"981",12424,740,30,1760.96,2,880.48,2
"982",12823,230,1,1759.5,5,351.9,6
"983",15260,861,62,1758.81,8,219.85125,6
"984",18235,1578,100,1758.72,3,586.24,6
"985",12423,1327,97,1757.53,9,195.281111,6
"986",13196,1224,97,1753.9,4,438.475,6
"987",15220,1377,110,1753.9,7,250.557143,6
"988",12610,1028,85,1753.36,6,292.226667,6
"989",15812,922,36,1751.78,5,350.356,6
"990",12584,354,44,1751.52,10,175.152,6
"991",12528,750,50,1751.12,7,250.16,6
"992",12383,1529,84,1746.14,6,291.023333,6
"993",16719,1202,108,1744.62,8,218.0775,6
"994",14524,676,161,1743.82,9,193.757778,6
"995",17930,1594,26,1740.48,5,348.096,6
"996",17353,1200,5,1740,2,870,2
"997",17754,1820,82,1739.92,6,289.986667,6
"998",15674,1075,88,1736.86,6,289.476667,6
"999",14621,987,80,1736.6,6,289.433333,6
"1000",14673,1004,39,1736.4,5,347.28,6
"1001",14595,978,94,1733.69,6,288.948333,6
"1002",15241,1815,82,1733.58,9,192.62,6
"1003",17457,826,14,1732.18,5,346.436,6
"1004",15050,1184,68,1727.17,4,431.7925,6
"1005",13134,1044,94,1727.08,5,345.416,6
"1006",14387,819,125,1724.56,3,574.853333,6
"1007",13157,1430,69,1721.57,5,344.314,6
"1008",17702,1320,62,1719.72,5,343.944,6
"1009",17663,793,63,1717.55,8,214.69375,6
"1010",15267,944,8,1717.36,5,343.472,6
"1011",17043,998,100,1717.06,4,429.265,6
"1012",13094,1542,4,1708.86,13,131.450769,6
"1013",15947,898,29,1708.24,1,1708.24,2
"1014",13456,756,43,1707.13,7,243.875714,6
"1015",15950,722,86,1705.26,5,341.052,6
"1016",16007,1393,221,1699.18,4,424.795,5
"1017",13824,768,34,1698.94,5,339.788,6
"1018",17162,1000,81,1696.67,11,154.242727,6
"1019",13725,659,97,1695.49,9,188.387778,6
"1020",17282,1877,79,1694.69,3,564.896667,6
"1021",16813,1525,248,1692.98,10,169.298,5
"1022",14834,731,43,1692.83,7,241.832857,6
"1023",16671,875,3,1692.27,3,564.09,6
"1024",12645,1072,58,1691.3,5,338.26,6
"1025",13763,725,17,1689.46,2,844.73,2
"1026",15067,954,82,1685.16,3,561.72,6
"1027",15380,374,22,1682.36,6,280.393333,6
"1028",13808,782,70,1682.14,5,336.428,6
"1029",15240,1361,61,1680.89,6,280.148333,6
"1030",12523,861,84,1677.57,12,139.7975,6
"1031",17193,1238,17,1674.46,8,209.3075,6
"1032",16791,759,218,1672.65,8,209.08125,5
"1033",13149,1280,76,1670.54,4,417.635,6
"1034",17656,1399,67,1669.67,5,333.934,6
"1035",14245,971,107,1667,3,555.666667,6
"1036",16115,1001,169,1666.05,8,208.25625,6
"1037",13647,894,65,1664.7,5,332.94,6
"1038",12912,670,17,1662.3,5,332.46,6
"1039",15332,652,29,1661.06,4,415.265,6
"1040",12843,753,69,1659.8,9,184.422222,6
"1041",14045,535,4,1659.75,4,414.9375,6
"1042",13924,1532,91,1657.12,7,236.731429,6
"1043",15024,920,105,1655.81,10,165.581,6
"1044",13577,771,61,1655.79,5,331.158,6
"1045",12909,1270,78,1652.68,6,275.446667,6
"1046",16775,440,84,1651.54,11,150.14,6
"1047",15214,1254,109,1650.9,8,206.3625,6
"1048",17451,1178,83,1648.95,8,206.11875,6
"1049",13184,1662,138,1648.79,11,149.89,6
"1050",13750,516,20,1647.26,5,329.452,6
"1051",13162,1663,74,1644.99,5,328.998,6
"1052",17873,999,24,1644.97,6,274.161667,6
"1053",17284,1362,229,1641.68,7,234.525714,5
"1054",14837,1430,96,1641.2,5,328.24,6
"1055",15002,862,93,1636.24,4,409.06,6
"1056",12407,1416,57,1635.07,5,327.014,6
"1057",14164,1033,28,1631.77,2,815.885,2
"1058",15826,962,64,1628.28,4,407.07,6
"1059",16711,833,18,1627.99,5,325.598,6
"1060",16515,833,89,1627.13,5,325.426,6
"1061",15953,885,65,1626.25,9,180.694444,6
"1062",17406,784,99,1626,4,406.5,6
"1063",15827,842,73,1623.81,15,108.254,6
"1064",17673,1485,118,1622.22,7,231.745714,6
"1065",12457,695,53,1622.02,8,202.7525,6
"1066",14178,1505,191,1620.91,7,231.558571,6
"1067",17147,878,70,1619.67,5,323.934,6
"1068",15172,1611,106,1619.04,5,323.808,6
"1069",17101,815,28,1616.77,4,404.1925,6
"1070",14336,1759,77,1614.91,4,403.7275,6
"1071",17813,777,297,1614.31,6,269.051667,5
"1072",13627,1266,84,1614.04,6,269.006667,6
"1073",13425,1123,66,1613.68,3,537.893333,6
"1074",15549,688,104,1613.12,4,403.28,6
"1075",15122,788,65,1609.62,4,402.405,6
"1076",12635,1172,96,1608.12,2,804.06,2
"1077",12371,591,63,1606.83,2,803.415,2
"1078",14937,483,33,1606.11,4,401.5275,6
"1079",12868,928,72,1601.54,6,266.923333,6
"1080",15791,730,66,1596.04,3,532.013333,6
"1081",14970,250,24,1592.06,4,398.015,6
"1082",16466,789,103,1591.54,7,227.362857,6
"1083",14719,1031,177,1590.22,6,265.036667,6
"1084",14918,675,39,1588.07,2,794.035,2
"1085",14759,569,92,1586.99,3,528.996667,6
"1086",14312,1012,74,1583.64,6,263.94,6
"1087",16332,793,125,1583.2,8,197.9,6
"1088",12393,816,47,1582.6,4,395.65,6
"1089",13850,941,93,1581.79,2,790.895,2
"1090",16987,402,74,1578.73,7,225.532857,6
"1091",16992,857,85,1577.15,6,262.858333,6
"1092",14587,759,170,1576.16,10,157.616,6
"1093",16902,629,43,1573.55,1,1573.55,2
"1094",18178,979,80,1573.41,5,314.682,6
"1095",18161,810,49,1569.07,6,261.511667,6
"1096",12377,944,72,1568.1,2,784.05,2
"1097",12764,386,45,1565.88,1,1565.88,2
"1098",15111,710,70,1562.46,3,520.82,6
"1099",16638,1254,92,1557.73,11,141.611818,6
"1100",13313,851,47,1555.32,5,311.064,6
"1101",17085,784,116,1555.05,6,259.175,6
"1102",14038,963,64,1554.48,4,388.62,6
"1103",13634,704,156,1553.08,5,310.616,6
"1104",16889,925,112,1550.75,3,516.916667,6
"1105",18239,795,80,1550.57,5,310.114,6
"1106",16398,745,75,1550.43,3,516.81,6
"1107",16496,1091,92,1548.42,4,387.105,6
"1108",15660,1037,55,1546.49,10,154.649,6
"1109",15117,1947,63,1543.47,6,257.245,6
"1110",16369,1035,91,1541.11,3,513.703333,6
"1111",13186,804,69,1539.69,4,384.9225,6
"1112",12877,1178,100,1535.77,12,127.980833,6
"1113",15365,758,66,1535.26,8,191.9075,6
"1114",14441,430,45,1527.25,5,305.45,6
"1115",12348,2341,22,1527.15,4,381.7875,6
"1116",13849,1016,97,1526.51,2,763.255,2
"1117",14321,2406,111,1525.79,5,305.158,6
"1118",13107,1288,54,1524.07,5,304.814,6
"1119",16244,855,88,1522.75,2,761.375,2
"1120",14704,1082,288,1521.45,9,169.05,5
"1121",16365,504,45,1521.23,9,169.025556,6
"1122",17159,1110,96,1520.93,4,380.2325,6
"1123",12669,1114,98,1520.67,4,380.1675,6
"1124",13814,862,37,1520.36,3,506.786667,6
"1125",16790,892,88,1520.12,7,217.16,6
"1126",12381,783,70,1520.07,6,253.345,6
"1127",17837,515,110,1516.55,9,168.505556,6
"1128",13764,932,183,1516.24,3,505.413333,6
"1129",16748,880,42,1515.9,5,303.18,6
"1130",16066,936,77,1511.83,5,302.366,6
"1131",13614,570,171,1511.13,4,377.7825,6
"1132",16283,1222,117,1510.63,6,251.771667,6
"1133",15701,923,193,1508.94,4,377.235,6
"1134",15392,1265,74,1508.77,5,301.754,6
"1135",15625,1166,44,1504.56,5,300.912,6
"1136",17152,477,9,1503.5,4,375.875,6
"1137",16880,753,121,1501.51,7,214.501429,6
"1138",12937,1007,81,1501.51,4,375.3775,6
"1139",15611,498,23,1500.74,14,107.195714,6
"1140",12865,877,87,1498.53,3,499.51,6
"1141",16279,1052,104,1496.68,4,374.17,6
"1142",16434,767,88,1495.46,7,213.637143,6
"1143",13320,1066,77,1491.7,5,298.34,6
"1144",14567,410,33,1491.34,3,497.113333,6
"1145",15530,950,90,1491.31,4,372.8275,6
"1146",15620,899,92,1491.14,4,372.785,6
"1147",16910,886,318,1491.1,8,186.3875,5
"1148",13213,1357,82,1488.51,6,248.085,6
"1149",14963,1176,149,1487.8,5,297.56,6
"1150",16676,631,75,1487.76,5,297.552,6
"1151",17553,1048,2,1487.6,1,1487.6,2
"1152",12398,1394,85,1485.61,1,1485.61,2
"1153",14414,2509,79,1485.13,8,185.64125,6
"1154",16755,1058,134,1484.63,4,371.1575,6
"1155",16395,1476,150,1484.14,5,296.828,6
"1156",14878,802,62,1482.78,9,164.753333,6
"1157",16053,1793,81,1481.63,2,740.815,2
"1158",13397,429,28,1481.46,6,246.91,6
"1159",17997,2078,134,1480.1,9,164.455556,6
"1160",15906,538,114,1479.11,8,184.88875,6
"1161",14573,538,127,1478.6,10,147.86,6
"1162",15265,612,76,1477.08,2,738.54,2
"1163",15532,508,205,1473.94,5,294.788,6
"1164",15983,892,82,1472.97,4,368.2425,6
"1165",16016,618,156,1472.63,9,163.625556,6
"1166",12405,857,54,1470.31,1,1470.31,2
"1167",14246,804,57,1468.54,3,489.513333,6
"1168",12826,1054,58,1468.12,8,183.515,6
"1169",15427,1013,233,1468.08,3,489.36,5
"1170",17571,905,247,1465.32,4,366.33,5
"1171",15473,552,4,1465.2,8,183.15,6
"1172",12882,246,12,1463.04,2,731.52,2
"1173",14541,647,71,1459.73,8,182.46625,6
"1174",12759,902,81,1458.25,3,486.083333,6
"1175",16059,643,126,1457.1,6,242.85,6
"1176",13309,1544,82,1456.79,5,291.358,6
"1177",15916,752,125,1452.69,9,161.41,6
"1178",17002,678,41,1452.34,4,363.085,6
"1179",12530,900,51,1451.7,5,290.34,6
"1180",13659,879,93,1449.92,3,483.306667,6
"1181",15987,1556,110,1448.77,7,206.967143,6
"1182",17590,828,162,1448.74,3,482.913333,6
"1183",14233,671,30,1447.51,5,289.502,6
"1184",13461,1170,14,1445,3,481.666667,6
"1185",18016,1029,90,1441.53,5,288.306,6
"1186",16762,618,51,1441.46,3,480.486667,6
"1187",17073,759,142,1436.05,4,359.0125,6
"1188",13692,1224,49,1434.99,4,358.7475,6
"1189",16817,762,76,1433.96,10,143.396,6
"1190",14566,800,4,1432,1,1432,2
"1191",15478,585,34,1431.38,2,715.69,2
"1192",14442,475,59,1430.54,3,476.846667,6
"1193",16103,558,30,1429.64,6,238.273333,6
"1194",14591,1297,138,1427.7,4,356.925,6
"1195",16996,534,14,1427.46,7,203.922857,6
"1196",14229,590,29,1426,4,356.5,6
"1197",14035,739,41,1423.01,5,284.602,6
"1198",17063,763,66,1419.95,8,177.49375,6
"1199",16271,1037,90,1418.28,6,236.38,6
"1200",13110,384,109,1416.87,8,177.10875,6
"1201",15858,1167,145,1416.77,5,283.354,6
"1202",13477,1018,57,1416.69,7,202.384286,6
"1203",15444,764,191,1415.5,2,707.75,2
"1204",15128,1326,76,1414.02,5,282.804,6
"1205",16394,2317,61,1412.06,6,235.343333,6
"1206",13475,1012,64,1411.86,4,352.965,6
"1207",13717,1958,92,1407.3,7,201.042857,6
"1208",12349,631,73,1406.95,1,1406.95,2
"1209",17083,772,24,1405.78,3,468.593333,6
"1210",17004,819,38,1405.41,2,702.705,2
"1211",15237,1071,94,1405.36,4,351.34,6
"1212",17288,1203,118,1401.89,7,200.27,6
"1213",15426,663,222,1401.84,6,233.64,5
"1214",14649,1018,148,1401.29,4,350.3225,6
"1215",12783,622,76,1400.8,7,200.114286,6
"1216",14741,841,35,1400.34,6,233.39,6
"1217",15057,668,25,1400.22,2,700.11,2
"1218",14404,831,70,1400.16,7,200.022857,6
"1219",16503,567,71,1399.23,5,279.846,6
"1220",16173,571,70,1399.1,7,199.871429,6
"1221",18116,848,230,1398.71,8,174.83875,5
"1222",12947,1157,83,1395.37,7,199.338571,6
"1223",15106,1144,90,1395.25,6,232.541667,6
"1224",17354,1006,15,1393.06,1,1393.06,2
"1225",14019,1034,37,1392.28,4,348.07,6
"1226",15051,1011,130,1391.61,3,463.87,6
"1227",13414,1574,23,1390.5,3,463.5,6
"1228",16539,477,36,1388.81,4,347.2025,6
"1229",15134,887,44,1387.99,8,173.49875,6
"1230",14758,419,54,1386.96,4,346.74,6
"1231",17856,826,12,1386.02,5,277.204,6
"1232",14740,729,85,1385.17,4,346.2925,6
"1233",16463,1135,74,1383.7,5,276.74,6
"1234",13995,867,55,1383.49,6,230.581667,6
"1235",17676,931,50,1383.27,7,197.61,6
"1236",16726,977,121,1382.02,5,276.404,6
"1237",13516,985,43,1381.89,3,460.63,6
"1238",16012,799,87,1378.97,3,459.656667,6
"1239",16359,1154,39,1378.41,10,137.841,6
"1240",15453,845,169,1377.89,7,196.841429,6
"1241",15898,568,70,1377.76,6,229.626667,6
"1242",16348,819,157,1377.65,7,196.807143,6
"1243",14443,931,86,1374.92,5,274.984,6
"1244",15569,666,27,1372.95,5,274.59,6
"1245",14113,635,26,1372.9,5,274.58,6
"1246",14434,368,3,1372.8,6,228.8,6
"1247",13159,1045,114,1371.72,5,274.344,6
"1248",14116,707,61,1369.69,5,273.938,6
"1249",13308,840,49,1366.84,4,341.71,6
"1250",18202,581,55,1366.51,3,455.503333,6
"1251",17175,865,42,1364.71,5,272.942,6
"1252",15095,1077,30,1362.19,5,272.438,6
"1253",13572,534,32,1361.66,1,1361.66,2
"1254",14901,659,73,1359.6,10,135.96,6
"1255",17311,1005,55,1352.93,2,676.465,2
"1256",12952,652,64,1352.24,5,270.448,6
"1257",12770,743,12,1351.45,1,1351.45,2
"1258",18167,359,25,1349.75,4,337.4375,6
"1259",14403,513,17,1349.03,5,269.806,6
"1260",15116,648,37,1347.95,4,336.9875,6
"1261",16669,883,141,1347.28,4,336.82,6
"1262",16079,864,18,1346.98,3,448.993333,6
"1263",16245,1008,80,1344.08,4,336.02,6
"1264",16389,1230,33,1341.9,5,268.38,6
"1265",17368,680,93,1341.49,9,149.054444,6
"1266",15596,548,51,1340.46,6,223.41,6
"1267",13743,1775,8,1340.15,8,167.51875,6
"1268",17621,510,25,1339.94,4,334.985,6
"1269",12646,897,43,1338.69,2,669.345,2
"1270",12886,761,75,1337.79,3,445.93,6
"1271",15411,528,86,1335.34,5,267.068,6
"1272",17372,749,215,1335.2,8,166.9,5
"1273",15398,767,60,1334.11,3,444.703333,6
"1274",15680,952,61,1333.68,3,444.56,6
"1275",16110,733,283,1331.96,3,443.986667,5
"1276",14507,588,79,1330.86,7,190.122857,6
"1277",16045,897,71,1325.26,4,331.315,6
"1278",16317,890,64,1325.09,3,441.696667,6
"1279",16493,1113,40,1324.7,5,264.94,6
"1280",15734,346,25,1324.39,2,662.195,6
"1281",12620,1181,89,1323.39,3,441.13,6
"1282",14875,554,47,1322.94,3,440.98,6
"1283",14859,669,47,1322.48,5,264.496,6
"1284",13232,778,147,1321.84,7,188.834286,6
"1285",12352,470,59,1321.54,9,146.837778,6
"1286",17932,789,84,1320.53,3,440.176667,6
"1287",16083,908,31,1317.62,2,658.81,2
"1288",14921,953,78,1316.07,2,658.035,2
"1289",14897,468,43,1315.98,4,328.995,6
"1290",18177,705,53,1314.17,7,187.738571,6
"1291",15563,1460,88,1314.17,5,262.834,6
"1292",15146,1459,90,1313.25,3,437.75,6
"1293",16295,841,70,1312.99,4,328.2475,6
"1294",14102,938,35,1312.22,6,218.703333,6
"1295",14748,1192,90,1311.79,6,218.631667,6
"1296",13501,557,52,1310.47,2,655.235,2
"1297",12775,853,47,1309.21,6,218.201667,6
"1298",13328,680,17,1308.48,1,1308.48,2
"1299",17204,589,47,1308.33,5,261.666,6
"1300",14477,719,7,1307.81,5,261.562,6
"1301",17919,756,23,1304.04,1,1304.04,2
"1302",13012,671,68,1303.34,9,144.815556,6
"1303",13396,592,42,1302,3,434,6
"1304",12919,668,34,1301.44,7,185.92,6
"1305",15059,602,161,1299.42,10,129.942,6
"1306",13168,680,102,1299.1,5,259.82,6
"1307",17054,802,64,1298.82,6,216.47,6
"1308",16040,684,57,1296.58,3,432.193333,6
"1309",16929,929,51,1295.39,7,185.055714,6
"1310",16120,866,26,1294.14,5,258.828,6
"1311",15494,1148,120,1292.8,2,646.4,2
"1312",16744,805,198,1290.32,7,184.331429,6
"1313",14047,377,22,1290.01,6,215.001667,6
"1314",14738,576,39,1289.94,8,161.2425,6
"1315",16224,1116,90,1287.58,4,321.895,6
"1316",12854,622,97,1286.39,4,321.5975,6
"1317",16571,1176,73,1285.22,4,321.305,6
"1318",14297,861,49,1284.06,5,256.812,6
"1319",17095,613,70,1283.61,4,320.9025,6
"1320",15136,775,61,1282.45,5,256.49,6
"1321",16899,522,80,1281.56,6,213.593333,6
"1322",13538,175,10,1280.85,7,182.978571,6
"1323",15813,603,40,1278.07,2,639.035,6
"1324",12364,1506,70,1276.11,4,319.0275,6
"1325",16464,963,152,1275.51,3,425.17,6
"1326",12576,964,72,1275.1,6,212.516667,6
"1327",17019,827,166,1269.85,4,317.4625,6
"1328",13492,408,38,1269.84,3,423.28,6
"1329",15199,396,5,1268.7,4,317.175,6
"1330",13813,550,54,1265.3,5,253.06,6
"1331",14916,1132,72,1264.84,5,252.968,6
"1332",17158,778,53,1264.21,3,421.403333,6
"1333",16688,804,52,1260.86,4,315.215,6
"1334",17412,738,48,1258.06,7,179.722857,6
"1335",14071,900,271,1257.53,9,139.725556,5
"1336",12516,875,20,1255.99,2,627.995,6
"1337",12372,794,34,1255.98,3,418.66,6
"1338",13848,3700,3,1255,3,418.333333,6
"1339",13989,1313,33,1253.68,2,626.84,6
"1340",17262,367,9,1253.36,5,250.672,6
"1341",16370,647,143,1253.24,4,313.31,6
"1342",17037,652,75,1253.22,2,626.61,6
"1343",13431,672,44,1252.54,2,626.27,6
"1344",14511,772,53,1252.4,6,208.733333,6
"1345",17802,743,105,1251.84,4,312.96,6
"1346",13878,475,35,1251.55,1,1251.55,2
"1347",17671,659,40,1251.36,5,250.272,6
"1348",14669,775,158,1250.55,3,416.85,6
"1349",15009,642,148,1249.85,3,416.616667,6
"1350",17481,1060,69,1249.34,5,249.868,6
"1351",14105,798,74,1249.29,2,624.645,6
"1352",17350,759,66,1246.15,5,249.23,6
"1353",16101,738,76,1245.96,2,622.98,6
"1354",16951,1306,73,1244.87,4,311.2175,6
"1355",15497,622,13,1244.34,3,414.78,6
"1356",17633,630,60,1242.34,5,248.468,6
"1357",12526,632,64,1242.04,3,414.013333,6
"1358",17588,676,19,1240.2,3,413.4,6
"1359",14383,817,49,1239.41,3,413.136667,6
"1360",16842,692,45,1238.36,4,309.59,6
"1361",17388,1068,13,1236.88,4,309.22,6
"1362",14856,714,65,1236.42,3,412.14,6
"1363",14698,615,148,1236,5,247.2,6
"1364",12463,757,66,1234.03,5,246.806,6
"1365",18080,642,2,1231.5,2,615.75,6
"1366",14684,853,231,1231.32,5,246.264,5
"1367",13931,721,56,1230.93,3,410.31,6
"1368",14665,500,63,1230.54,6,205.09,6
"1369",13860,589,58,1229.71,6,204.951667,6
"1370",14794,669,68,1228.88,8,153.61,6
"1371",15910,1015,215,1226.91,8,153.36375,5
"1372",14267,461,25,1226.13,4,306.5325,6
"1373",14913,1743,76,1219.15,4,304.7875,6
"1374",12985,1413,73,1215.62,3,405.206667,6
"1375",15108,497,50,1215.49,5,243.098,6
"1376",14893,799,72,1214.61,2,607.305,6
"1377",15376,619,100,1213.12,3,404.373333,6
"1378",16531,915,68,1212.95,7,173.278571,6
"1379",13918,1140,30,1212.84,2,606.42,6
"1380",17584,446,30,1211.62,3,403.873333,6
"1381",18263,1467,59,1211.08,4,302.77,6
"1382",15841,926,36,1209.1,5,241.82,6
"1383",12818,923,14,1208.11,2,604.055,6
"1384",13208,786,124,1205.9,7,172.271429,6
"1385",12488,529,46,1205.03,3,401.676667,6
"1386",16794,933,142,1201.51,11,109.228182,6
"1387",13158,784,59,1201.06,4,300.265,6
"1388",13491,903,73,1200.94,10,120.094,6
"1389",17320,634,57,1200.62,3,400.206667,6
"1390",12689,628,57,1199.55,2,599.775,6
"1391",13055,891,74,1199.2,4,299.8,6
"1392",17800,736,51,1199.01,9,133.223333,6
"1393",17410,616,57,1198.04,5,239.608,6
"1394",13211,874,45,1197.42,3,399.14,6
"1395",15004,630,154,1194.9,1,1194.9,2
"1396",12412,829,43,1192.83,3,397.61,6
"1397",17774,511,124,1190.7,5,238.14,6
"1398",12394,819,26,1190.37,2,595.185,6
"1399",12611,846,65,1189.4,1,1189.4,2
"1400",14064,1350,59,1188.32,6,198.053333,6
"1401",16612,506,48,1187.66,4,296.915,6
"1402",15605,441,61,1185.51,5,237.102,6
"1403",14898,1008,87,1177.76,7,168.251429,6
"1404",18171,477,43,1176.71,6,196.118333,6
"1405",17828,641,54,1174.87,5,234.974,6
"1406",15306,810,57,1174.35,3,391.45,6
"1407",17058,592,51,1172.73,3,390.91,6
"1408",15145,756,54,1172.53,4,293.1325,6
"1409",16639,503,48,1169.38,4,292.345,6
"1410",16800,540,148,1167.97,1,1167.97,2
"1411",14745,1020,46,1167.16,6,194.526667,6
"1412",13564,659,68,1166.31,4,291.5775,6
"1413",14737,345,15,1164.55,3,388.183333,6
"1414",14447,571,54,1163.23,5,232.646,6
"1415",14428,428,108,1161.63,6,193.605,6
"1416",15621,463,11,1158.77,5,231.754,6
"1417",16950,644,39,1158.72,3,386.24,6
"1418",13611,762,67,1158.2,4,289.55,6
"1419",17961,560,211,1157.47,39,29.678718,5
"1420",13744,1249,54,1156.36,2,578.18,6
"1421",16653,723,67,1155.68,3,385.226667,6
"1422",16184,560,26,1155.54,7,165.077143,6
"1423",13151,361,73,1154.29,2,577.145,6
"1424",17348,1401,180,1152.56,5,230.512,6
"1425",12997,648,45,1152.19,5,230.438,6
"1426",12676,670,33,1151.33,6,191.888333,6
"1427",14723,695,193,1148.58,6,191.43,6
"1428",13499,1358,31,1146.96,6,191.16,6
"1429",15630,799,57,1146.76,3,382.253333,6
"1430",13752,876,64,1146.51,6,191.085,6
"1431",16766,536,17,1145.6,2,572.8,6
"1432",14857,455,58,1144.13,3,381.376667,6
"1433",15227,750,43,1142.76,5,228.552,6
"1434",13330,751,37,1139.97,3,379.99,6
"1435",14487,734,112,1138.4,7,162.628571,6
"1436",16692,152,2,1135.99,2,567.995,6
"1437",18125,803,164,1135.82,5,227.164,6
"1438",17242,611,30,1135.04,2,567.52,6
"1439",13819,1109,26,1134.83,3,378.276667,6
"1440",17505,556,48,1134.8,2,567.4,6
"1441",16172,787,52,1134.69,5,226.938,6
"1442",12885,654,66,1133.87,4,283.4675,6
"1443",16989,1233,7,1133.25,6,188.875,6
"1444",17585,1671,176,1133.07,4,283.2675,6
"1445",18168,585,101,1132.02,7,161.717143,6
"1446",12769,356,32,1128.24,1,1128.24,2
"1447",14824,525,19,1127.71,4,281.9275,6
"1448",16042,745,68,1126.49,6,187.748333,6
"1449",13772,546,141,1125.17,3,375.056667,6
"1450",17470,1675,67,1125.07,5,225.014,6
"1451",13500,585,60,1123.97,4,280.9925,6
"1452",14129,592,31,1123.86,5,224.772,6
"1453",17720,576,39,1123.34,4,280.835,6
"1454",15436,613,243,1121.57,3,373.856667,5
"1455",13486,669,69,1119.65,3,373.216667,6
"1456",16086,510,24,1119.31,6,186.551667,6
"1457",15716,744,101,1118.81,4,279.7025,6
"1458",17788,211,3,1117.9,2,558.95,6
"1459",15810,737,66,1117.59,5,223.518,6
"1460",17302,573,68,1117.17,6,186.195,6
"1461",17653,1401,44,1116.59,5,223.318,6
"1462",16807,778,57,1116.58,3,372.193333,6
"1463",14261,406,52,1114.76,2,557.38,6
"1464",13118,389,68,1109.99,6,184.998333,6
"1465",17894,405,127,1107.89,8,138.48625,6
"1466",15737,584,60,1107.72,9,123.08,6
"1467",15933,885,63,1107.46,3,369.153333,6
"1468",17562,813,48,1107.38,8,138.4225,6
"1469",16833,440,46,1106.53,4,276.6325,6
"1470",15730,683,68,1105.62,4,276.405,6
"1471",13064,516,51,1102,4,275.5,6
"1472",13882,950,54,1101.26,6,183.543333,6
"1473",14971,644,144,1100.13,3,366.71,6
"1474",13610,514,165,1099.71,8,137.46375,6
"1475",12857,343,37,1099.68,2,549.84,6
"1476",14161,455,87,1099.63,3,366.543333,6
"1477",16049,793,248,1099.36,3,366.453333,5
"1478",15978,888,49,1098.78,1,1098.78,2
"1479",13104,504,14,1098.48,6,183.08,6
"1480",16350,542,41,1097.71,5,219.542,6
"1481",13447,577,55,1097.57,4,274.3925,6
"1482",15069,520,70,1097.3,1,1097.3,2
"1483",14708,615,25,1096.67,4,274.1675,6
"1484",16225,493,109,1096.32,5,219.264,6
"1485",17966,2571,53,1095.92,5,219.184,6
"1486",13652,578,48,1095.08,3,365.026667,6
"1487",17047,533,59,1092.87,3,364.29,6
"1488",12507,894,19,1090.45,4,272.6125,6
"1489",15608,714,59,1088.72,4,272.18,6
"1490",13591,485,56,1088.45,3,362.816667,6
"1491",15489,593,47,1087.27,4,271.8175,6
"1492",17609,721,199,1087.24,6,181.206667,6
"1493",18189,564,65,1084.34,3,361.446667,6
"1494",15602,1001,31,1083.87,10,108.387,6
"1495",12399,1178,47,1083.6,4,270.9,6
"1496",14744,625,21,1083.52,8,135.44,6
"1497",16270,688,54,1083.04,1,1083.04,2
"1498",13310,575,65,1082.67,4,270.6675,6
"1499",12630,548,60,1081.1,2,540.55,6
"1500",13521,736,313,1080.97,3,360.323333,5
"1501",14561,1014,67,1080.76,3,360.253333,6
"1502",13726,1054,39,1079.66,2,539.83,6
"1503",16980,788,71,1078.96,2,539.48,6
"1504",16563,486,19,1077.74,1,1077.74,2
"1505",17770,365,33,1077.03,5,215.406,6
"1506",13467,584,89,1075.99,2,537.995,6
"1507",12710,849,75,1074.5,4,268.625,6
"1508",12494,690,63,1071.43,8,133.92875,6
"1509",13761,642,68,1070.65,2,535.325,6
"1510",14212,1152,9,1070.48,1,1070.48,2
"1511",15500,572,64,1067.6,4,266.9,6
"1512",13635,677,62,1067.11,1,1067.11,2
"1513",14948,661,56,1066.57,7,152.367143,6
"1514",17041,947,59,1065.77,4,266.4425,6
"1515",17277,430,67,1065.35,2,532.675,6
"1516",17522,1034,59,1065.19,5,213.038,6
"1517",15745,412,57,1064.2,5,212.84,6
"1518",16200,523,149,1064.19,2,532.095,6
"1519",15712,486,41,1064.08,5,212.816,6
"1520",14154,465,52,1060.29,2,530.145,6
"1521",15088,457,53,1059.74,3,353.246667,6
"1522",14419,487,112,1058.06,6,176.343333,6
"1523",16062,800,50,1055.08,4,263.77,6
"1524",12609,648,57,1054.76,3,351.586667,6
"1525",13715,555,89,1053.94,6,175.656667,6
"1526",12842,547,34,1052.7,2,526.35,6
"1527",12354,530,58,1052.6,1,1052.6,2
"1528",14465,405,107,1050.9,3,350.3,6
"1529",12849,623,47,1050.89,2,525.445,6
"1530",14514,589,65,1050.39,3,350.13,6
"1531",12640,311,47,1049.69,3,349.896667,6
"1532",12657,654,35,1049.34,5,209.868,6
"1533",15977,1016,48,1047.77,2,523.885,6
"1534",13791,828,7,1047.68,3,349.226667,6
"1535",12546,617,59,1047.53,3,349.176667,6
"1536",16637,891,66,1046.71,5,209.342,6
"1537",14293,709,51,1046.56,4,261.64,6
"1538",14583,792,243,1044.77,5,208.954,5
"1539",16728,677,218,1044.38,4,261.095,6
"1540",17042,994,74,1044.38,5,208.876,6
"1541",14352,538,44,1044.38,4,261.095,6
"1542",15192,918,36,1044.32,3,348.106667,6
"1543",14078,310,46,1043.85,6,173.975,6
"1544",14488,793,46,1043.51,2,521.755,6
"1545",15801,562,61,1041.78,4,260.445,6
"1546",13131,443,30,1039.3,4,259.825,6
"1547",16918,708,97,1037.82,7,148.26,6
"1548",15985,836,29,1037.42,3,345.806667,6
"1549",14446,933,233,1037.07,4,259.2675,5
"1550",18130,817,58,1036.32,4,259.08,6
"1551",17727,639,66,1036.12,2,518.06,6
"1552",12951,500,54,1035.11,7,147.872857,6
"1553",15171,190,5,1034.5,2,517.25,6
"1554",16520,557,129,1033.35,4,258.3375,6
"1555",13639,800,39,1033.34,1,1033.34,2
"1556",16320,732,56,1032.94,2,516.47,6
"1557",13253,1572,35,1030.4,2,515.2,6
"1558",14817,655,52,1030.32,2,515.16,6
"1559",17033,750,24,1030.14,3,343.38,6
"1560",15333,344,16,1028.56,1,1028.56,2
"1561",16682,1040,15,1028,5,205.6,6
"1562",12534,651,63,1026.64,1,1026.64,2
"1563",14904,1985,66,1025.44,2,512.72,6
"1564",18221,789,59,1025.03,6,170.838333,6
"1565",13719,609,56,1021.71,5,204.342,6
"1566",13165,1376,40,1021.48,2,510.74,6
"1567",15839,670,56,1020.74,4,255.185,6
"1568",14276,723,52,1019.39,4,254.8475,6
"1569",16094,633,48,1019.35,5,203.87,6
"1570",15027,563,30,1017.19,5,203.438,6
"1571",16175,533,45,1016.63,4,254.1575,6
"1572",18142,1273,9,1014.9,3,338.3,6
"1573",12716,708,60,1013.44,2,506.72,6
"1574",15777,375,18,1013.33,5,202.666,6
"1575",17197,191,29,1013.01,1,1013.01,2
"1576",12936,539,56,1012.9,5,202.58,6
"1577",14775,1174,57,1011.9,3,337.3,6
"1578",12828,494,46,1011.75,6,168.625,6
"1579",14083,732,162,1011.47,9,112.385556,6
"1580",16533,514,112,1010.88,4,252.72,6
"1581",16160,1153,20,1009.45,3,336.483333,6
"1582",13282,289,30,1008.16,4,252.04,6
"1583",13235,440,54,1007.16,2,503.58,6
"1584",14631,622,38,1006.98,3,335.66,6
"1585",12514,440,51,1006.64,1,1006.64,2
"1586",13728,458,38,1005.1,6,167.516667,6
"1587",13429,1390,55,1004.04,4,251.01,6
"1588",12497,1236,14,1003.05,1,1003.05,2
"1589",16416,655,60,1002.11,4,250.5275,6
"1590",13853,304,23,1001.9,2,500.95,6
"1591",15996,382,103,1001.9,7,143.128571,6
"1592",16214,420,36,1001.79,3,333.93,6
"1593",13867,513,51,1001.49,3,333.83,6
"1594",18143,570,59,1000.16,2,500.08,6
"1595",13956,491,123,998.18,5,199.636,6
"1596",17287,559,88,997.51,7,142.501429,6
"1597",15434,638,40,997.48,6,166.246667,6
"1598",14389,702,34,997.21,3,332.403333,6
"1599",16229,318,46,995.54,2,497.77,6
"1600",17594,550,42,993.18,2,496.59,6
"1601",16009,378,68,992.71,4,248.1775,6
"1602",17126,790,189,991.85,6,165.308333,6
"1603",16174,651,19,991.43,3,330.476667,6
"1604",14584,379,68,990.48,5,198.096,6
"1605",16260,311,18,990.27,1,990.27,2
"1606",17724,289,38,990.13,4,247.5325,6
"1607",17135,1224,34,989.71,7,141.387143,6
"1608",17646,320,46,989.06,4,247.265,6
"1609",13410,513,15,988.91,6,164.818333,6
"1610",12358,248,13,988,2,494,6
"1611",14224,514,105,987.96,4,246.99,6
"1612",15062,763,47,987.86,4,246.965,6
"1613",12691,394,21,987.74,6,164.623333,6
"1614",15706,305,50,987.19,5,197.438,6
"1615",12679,530,45,986.58,5,197.316,6
"1616",14540,421,64,985.97,3,328.656667,6
"1617",14411,196,14,983.64,1,983.64,2
"1618",15329,476,52,983.42,4,245.855,6
"1619",12724,445,47,983.35,4,245.8375,6
"1620",16232,547,24,983.23,5,196.646,6
"1621",15133,680,27,982.42,3,327.473333,6
"1622",14138,610,40,982.38,2,491.19,6
"1623",15071,269,25,982.07,2,491.035,6
"1624",18237,622,40,981.58,5,196.316,6
"1625",14214,748,64,980.79,6,163.465,6
"1626",17951,610,18,979.8,4,244.95,6
"1627",15506,848,121,979.26,3,326.42,6
"1628",16085,636,123,978.75,5,195.75,6
"1629",15508,440,78,978.19,6,163.031667,6
"1630",15132,679,49,977.93,5,195.586,6
"1631",17096,332,46,977.8,5,195.56,6
"1632",13032,367,55,975.44,3,325.146667,6
"1633",12967,243,21,975.19,3,325.063333,6
"1634",13509,1106,27,974.71,7,139.244286,6
"1635",14522,525,15,974.54,4,243.635,6
"1636",17100,800,65,971.74,2,485.87,6
"1637",15747,480,52,971.53,3,323.843333,6
"1638",16188,782,65,971.38,4,242.845,6
"1639",15449,810,47,971.22,4,242.805,6
"1640",16572,530,40,970.98,4,242.745,6
"1641",17144,483,42,969.89,2,484.945,6
"1642",18170,409,29,969.27,3,323.09,6
"1643",13455,345,42,968.71,3,322.903333,6
"1644",12599,956,32,968.5,7,138.357143,6
"1645",12446,352,58,967.55,1,967.55,2
"1646",16376,689,104,965.6,3,321.866667,6
"1647",13476,414,56,965.28,3,321.76,6
"1648",17324,844,43,965.18,4,241.295,6
"1649",13138,473,31,962.39,6,160.398333,6
"1650",15763,268,58,961.52,3,320.506667,6
"1651",15907,509,175,959.98,3,319.993333,6
"1652",13155,497,67,959.08,4,239.77,6
"1653",13117,945,66,958.95,8,119.86875,6
"1654",14223,583,50,958.67,4,239.6675,6
"1655",12642,552,39,958.24,3,319.413333,6
"1656",14920,509,57,958.13,2,479.065,6
"1657",13823,439,39,957.66,2,478.83,6
"1658",12462,514,51,956.4,3,318.8,6
"1659",14006,641,22,956.23,3,318.743333,6
"1660",15948,567,51,955.24,2,477.62,6
"1661",17244,616,31,954.9,1,954.9,2
"1662",17214,275,79,953.76,7,136.251429,6
"1663",16907,298,89,953.72,5,190.744,6
"1664",14195,702,7,951.66,3,317.22,6
"1665",17405,705,77,951.21,4,237.8025,6
"1666",15421,500,40,950.36,4,237.59,6
"1667",18192,339,45,949.69,1,949.69,2
"1668",15793,552,6,948.96,4,237.24,6
"1669",15681,556,32,946.36,6,157.726667,6
"1670",13261,210,8,944.1,2,472.05,6
"1671",15707,605,126,942.82,4,235.705,6
"1672",12820,722,55,942.34,4,235.585,6
"1673",14075,754,33,942.26,3,314.086667,6
"1674",16511,417,135,941.98,3,313.993333,6
"1675",15238,689,49,941.53,4,235.3825,6
"1676",14346,605,55,941.05,2,470.525,6
"1677",15787,540,156,940.52,3,313.506667,6
"1678",17227,741,28,939.32,6,156.553333,6
"1679",15860,440,105,936.45,8,117.05625,6
"1680",13026,1586,34,936.15,6,156.025,6
"1681",16934,399,59,935.97,2,467.985,6
"1682",15576,404,43,935.71,1,935.71,2
"1683",15289,996,43,935.1,4,233.775,6
"1684",15156,597,51,933.81,3,311.27,6
"1685",17289,519,86,933.65,4,233.4125,6
"1686",13655,605,52,932.01,2,466.005,6
"1687",14256,410,51,930.1,3,310.033333,6
"1688",16419,435,36,929.37,7,132.767143,6
"1689",15201,962,38,927.84,6,154.64,6
"1690",12924,480,22,927.19,5,185.438,6
"1691",12572,450,53,926.18,3,308.726667,6
"1692",14532,284,45,925.89,4,231.4725,6
"1693",16657,1229,158,925.84,4,231.46,6
"1694",15464,350,155,925.37,1,925.37,2
"1695",13805,1900,10,924.6,2,462.3,6
"1696",13748,439,24,924.53,5,184.906,6
"1697",15104,635,66,922.5,3,307.5,6
"1698",13122,585,54,922.39,2,461.195,6
"1699",16551,970,26,922.12,3,307.373333,6
"1700",15312,513,42,921.1,5,184.22,6
"1701",13075,485,22,919.61,1,919.61,2
"1702",12822,548,41,918.98,3,306.326667,6
"1703",15658,232,40,918.58,6,153.096667,6
"1704",15835,439,47,918.33,4,229.5825,6
"1705",15654,475,15,917.52,2,458.76,6
"1706",14015,378,20,917.34,1,917.34,2
"1707",14140,809,60,917.29,3,305.763333,6
"1708",13934,390,31,916.58,1,916.58,2
"1709",13636,586,57,915.64,6,152.606667,6
"1710",17097,457,153,915.45,9,101.716667,6
"1711",15253,864,52,915.3,6,152.55,6
"1712",15587,312,3,913.68,4,228.42,6
"1713",15364,493,29,913.19,2,456.595,6
"1714",16809,651,79,912.74,6,152.123333,6
"1715",13363,710,47,912.48,2,456.24,6
"1716",13192,595,57,911.94,2,455.97,6
"1717",14712,315,21,911.55,3,303.85,6
"1718",13689,512,6,910,1,910,2
"1719",17552,708,45,909.96,5,181.992,6
"1720",17323,770,125,908.99,8,113.62375,6
"1721",13038,360,24,908.46,3,302.82,6
"1722",16584,635,25,908.03,3,302.676667,6
"1723",17236,474,88,907.65,6,151.275,6
"1724",16714,608,77,906.52,4,226.63,6
"1725",17018,176,15,905.04,2,452.52,6
"1726",17044,487,8,904.39,2,452.195,6
"1727",15807,430,48,903.9,3,301.3,6
"1728",13782,371,96,902.61,6,150.435,6
"1729",13549,457,37,902.32,8,112.79,6
"1730",14449,757,201,902.08,4,225.52,6
"1731",18096,825,157,900.92,3,300.306667,6
"1732",14289,292,33,900.22,6,150.036667,6
"1733",14629,376,133,897.84,3,299.28,6
"1734",17537,700,74,897.62,2,448.81,6
"1735",18194,448,7,896,2,448,6
"1736",13376,493,45,894.21,3,298.07,6
"1737",12994,440,52,893.94,4,223.485,6
"1738",12722,560,50,893.56,5,178.712,6
"1739",14081,593,126,893.51,3,297.836667,6
"1740",12815,379,38,891.33,2,445.665,6
"1741",12545,523,42,889.57,2,444.785,6
"1742",17829,496,30,889.24,1,889.24,2
"1743",17566,518,113,888.72,2,444.36,6
"1744",13035,627,23,886.63,3,295.543333,6
"1745",12541,680,46,886.11,3,295.37,6
"1746",13515,681,50,885.6,4,221.4,6
"1747",15822,375,28,885.47,2,442.735,6
"1748",15255,489,47,885.33,1,885.33,2
"1749",14931,416,30,884.66,6,147.443333,6
"1750",17704,343,27,883.27,2,441.635,6
"1751",14597,577,45,883.15,2,441.575,6
"1752",18236,403,42,882.24,6,147.04,6
"1753",14240,418,37,880.42,2,440.21,6
"1754",15799,955,94,878.62,3,292.873333,6
"1755",15511,271,117,878.41,5,175.682,6
"1756",13037,431,44,878.31,3,292.77,6
"1757",17886,481,93,877.66,3,292.553333,6
"1758",15653,1200,4,877.44,2,438.72,6
"1759",17848,398,41,876.36,9,97.373333,6
"1760",14141,337,28,876.27,5,175.254,6
"1761",16361,421,87,875.21,4,218.8025,6
"1762",15022,543,96,875.08,4,218.77,6
"1763",12550,569,57,874.78,1,874.78,2
"1764",13566,575,134,874.71,2,437.355,6
"1765",16513,407,33,874.59,4,218.6475,6
"1766",12510,353,29,874.51,2,437.255,6
"1767",15480,303,45,874.26,1,874.26,2
"1768",17618,331,56,874.14,3,291.38,6
"1769",13294,453,48,873.74,2,436.87,6
"1770",12464,112,6,871.84,8,108.98,6
"1771",12847,909,72,871.54,1,871.54,2
"1772",17527,463,45,871.14,5,174.228,6
"1773",14359,363,44,870.35,4,217.5875,6
"1774",13979,639,54,869.87,1,869.87,2
"1775",14332,481,22,866.31,3,288.77,6
"1776",16567,996,34,865.6,2,432.8,6
"1777",16121,586,170,864.35,2,432.175,6
"1778",14623,417,108,863.83,6,143.971667,6
"1779",17048,474,41,863.36,4,215.84,6
"1780",12739,486,38,863.13,2,431.565,6
"1781",13200,516,42,860.65,4,215.1625,6
"1782",12794,592,43,860.41,2,430.205,6
"1783",17007,587,50,859.99,7,122.855714,6
"1784",14770,490,49,859.86,2,429.93,6
"1785",17109,573,107,859.76,7,122.822857,6
"1786",14577,353,86,859.71,4,214.9275,6
"1787",15407,558,142,858.44,4,214.61,6
"1788",14715,521,60,857.91,4,214.4775,6
"1789",14912,970,22,857.86,3,285.953333,6
"1790",16347,353,61,857.63,2,428.815,6
"1791",15211,240,52,857.58,2,428.79,6
"1792",16900,723,79,856.87,4,214.2175,6
"1793",16221,717,90,853.82,3,284.606667,6
"1794",15208,314,25,853.7,6,142.283333,6
"1795",14193,445,35,853.39,2,426.695,6
"1796",15076,571,49,852.97,1,852.97,2
"1797",16070,457,32,852.15,2,426.075,6
"1798",13991,996,58,850.63,7,121.518571,6
"1799",17560,651,22,849.43,5,169.886,6
"1800",17027,415,110,848.59,7,121.227143,6
"1801",12652,502,48,848.54,2,424.27,6
"1802",17649,398,52,846.5,2,423.25,6
"1803",16020,487,42,845.99,3,281.996667,6
"1804",14625,330,52,845.72,3,281.906667,6
"1805",13662,538,50,845.72,4,211.43,6
"1806",15965,453,88,845.64,4,211.41,6
"1807",12940,406,88,845.06,3,281.686667,6
"1808",17731,392,54,843.4,5,168.68,6
"1809",16877,463,111,841.8,6,140.3,6
"1810",12878,536,38,841.64,3,280.546667,6
"1811",17624,554,49,840.97,2,420.485,6
"1812",13846,383,56,840.95,4,210.2375,6
"1813",13203,800,56,839.5,4,209.875,6
"1814",13940,516,39,839.14,4,209.785,6
"1815",14344,477,56,837.89,8,104.73625,6
"1816",14862,772,47,837.28,2,418.64,6
"1817",17064,318,53,837.27,3,279.09,6
"1818",16266,398,44,837.05,7,119.578571,6
"1819",15832,465,54,836.79,1,836.79,2
"1820",15164,360,79,835.33,3,278.443333,6
"1821",16222,365,120,834.8,1,834.8,2
"1822",17929,107,4,834.5,5,166.9,6
"1823",16644,826,62,833.78,2,416.89,6
"1824",13339,326,54,832.55,1,832.55,2
"1825",17759,708,82,832.48,3,277.493333,6
"1826",12717,505,49,830.99,3,276.996667,6
"1827",12680,443,33,830.77,4,207.6925,6
"1828",13681,360,37,827.83,4,206.9575,6
"1829",13221,244,62,827.65,2,413.825,6
"1830",13835,442,48,827.61,4,206.9025,6
"1831",14657,465,103,827.39,5,165.478,6
"1832",12458,506,35,827.36,2,413.68,6
"1833",16235,328,42,827.16,6,137.86,6
"1834",16747,577,34,826.96,3,275.653333,6
"1835",16494,675,47,826.53,1,826.53,2
"1836",17921,430,114,826.52,4,206.63,6
"1837",14803,370,35,826.47,3,275.49,6
"1838",13810,311,32,825.71,4,206.4275,6
"1839",12379,406,39,825.24,3,275.08,6
"1840",16284,544,87,823.97,2,411.985,6
"1841",14231,402,47,819.3,4,204.825,6
"1842",15862,585,142,818.6,4,204.65,6
"1843",17169,519,51,816.88,3,272.293333,6
"1844",13350,284,36,816.83,3,272.276667,6
"1845",16108,599,48,816.1,2,408.05,6
"1846",15649,192,1,816,2,408,6
"1847",15399,611,45,815.77,3,271.923333,6
"1848",13893,190,21,815.58,1,815.58,2
"1849",14499,501,146,815.32,3,271.773333,6
"1850",16460,879,128,814.72,3,271.573333,6
"1851",18064,384,7,814,2,407,6
"1852",16600,1145,50,813.52,6,135.586667,6
"1853",14421,365,25,813.11,2,406.555,6
"1854",15644,557,166,813,4,203.25,6
"1855",12713,508,38,812.76,1,812.76,2
"1856",13280,522,67,811.98,3,270.66,6
"1857",17764,395,71,811.86,2,405.93,6
"1858",17980,682,23,811.45,3,270.483333,6
"1859",16276,420,6,810.6,1,810.6,2
"1860",16660,451,16,810.45,5,162.09,6
"1861",15865,368,37,807.79,3,269.263333,6
"1862",13637,409,79,804.98,3,268.326667,6
"1863",16624,488,44,804.61,2,402.305,6
"1864",16367,647,123,804.49,2,402.245,6
"1865",17076,295,17,803.99,3,267.996667,6
"1866",16869,581,113,802.86,5,160.572,6
"1867",13929,139,8,802.85,3,267.616667,6
"1868",17075,289,62,802.85,5,160.57,6
"1869",15079,388,47,801.78,5,160.356,6
"1870",15952,399,65,801.05,4,200.2625,6
"1871",14475,428,36,799.82,4,199.955,6
"1872",17703,590,47,798.74,3,266.246667,6
"1873",17115,368,33,798.62,4,199.655,6
"1874",16949,790,57,798.47,7,114.067143,6
"1875",16438,463,74,798.35,5,159.67,6
"1876",16891,283,166,797.72,5,159.544,6
"1877",13720,501,42,794.89,4,198.7225,6
"1878",15525,414,133,793.38,4,198.345,6
"1879",16560,498,53,793.1,3,264.366667,6
"1880",13336,559,51,792.61,1,792.61,2
"1881",16164,432,27,792.57,4,198.1425,6
"1882",12772,556,55,791.88,1,791.88,2
"1883",15110,240,17,790.49,5,158.098,6
"1884",12694,509,32,789.21,2,394.605,6
"1885",12697,499,37,788.97,4,197.2425,6
"1886",16801,313,72,788.67,5,157.734,6
"1887",13323,175,6,787.85,5,157.57,6
"1888",17905,407,33,787.52,4,196.88,6
"1889",13389,429,50,787.43,3,262.476667,6
"1890",13167,785,51,785.81,4,196.4525,6
"1891",16943,145,23,785.79,3,261.93,6
"1892",15806,602,24,784.58,3,261.526667,6
"1893",15990,443,52,783.83,2,391.915,6
"1894",17341,489,147,781.36,3,260.453333,6
"1895",15679,1170,98,781.28,4,195.32,6
"1896",13583,725,53,781.03,1,781.03,2
"1897",13220,196,18,780.65,4,195.1625,6
"1898",17387,542,71,778.59,2,389.295,6
"1899",13884,297,45,778.54,6,129.756667,6
"1900",14815,744,53,778.5,2,389.25,6
"1901",16806,378,68,778.49,4,194.6225,6
"1902",17414,2100,5,778,2,389,6
"1903",18265,311,44,777.69,2,388.845,6
"1904",16505,576,4,777.6,1,777.6,2
"1905",17006,272,37,776.77,4,194.1925,6
"1906",15743,216,59,776.18,4,194.045,6
"1907",17797,498,102,775.47,3,258.49,6
"1908",14234,963,122,775.46,4,193.865,6
"1909",17180,680,91,774.86,5,154.972,6
"1910",16092,602,37,773.84,4,193.46,6
"1911",12728,419,38,773.11,4,193.2775,6
"1912",16054,380,70,771.98,1,771.98,2
"1913",12425,496,36,771.68,1,771.68,2
"1914",14662,602,143,771.17,4,192.7925,6
"1915",15414,443,37,769.89,3,256.63,6
"1916",18228,236,23,769.2,3,256.4,6
"1917",12693,250,35,766.88,5,153.376,6
"1918",13109,514,41,766.84,3,255.613333,6
"1919",14550,394,38,765.62,2,382.81,6
"1920",17695,779,30,765.34,2,382.67,6
"1921",14885,724,15,765.32,1,765.32,2
"1922",16825,566,27,765.26,2,382.63,6
"1923",12434,373,49,765.19,3,255.063333,6
"1924",16027,1146,12,764.66,7,109.237143,6
"1925",15239,591,48,764.34,3,254.78,6
"1926",17268,844,3,763.64,4,190.91,6
"1927",12965,283,108,763.63,1,763.63,2
"1928",15075,447,27,763.05,1,763.05,2
"1929",14672,454,58,762.79,2,381.395,6
"1930",13375,441,37,762.11,2,381.055,6
"1931",18136,373,34,761.83,4,190.4575,6
"1932",16205,517,73,761.38,4,190.345,6
"1933",16759,608,40,760.92,4,190.23,6
"1934",13341,301,42,760.25,1,760.25,2
"1935",16725,293,110,760.19,8,95.02375,6
"1936",13707,351,48,760.05,2,380.025,6
"1937",13016,527,39,759.29,3,253.096667,6
"1938",17425,407,42,759.17,2,379.585,6
"1939",15599,718,50,758.98,2,379.49,6
"1940",16036,716,55,758.92,2,379.46,6
"1941",16470,530,120,757.44,5,151.488,6
"1942",14883,789,39,756.64,7,108.091429,6
"1943",12778,824,40,755.44,7,107.92,6
"1944",16037,428,37,755.18,3,251.726667,6
"1945",18104,362,38,754.64,1,754.64,2
"1946",17461,799,104,752.5,3,250.833333,6
"1947",13030,394,76,752.5,2,376.25,6
"1948",16480,455,51,752.35,1,752.35,2
"1949",15066,279,42,752.31,2,376.155,6
"1950",12701,678,50,751.75,2,375.875,6
"1951",14412,784,43,750.79,3,250.263333,6
"1952",17411,298,41,748.94,4,187.235,6
"1953",15074,455,41,748.87,1,748.87,2
"1954",15618,428,39,747.03,5,149.406,6
"1955",14050,689,49,746.36,2,373.18,6
"1956",14923,418,44,746.34,1,746.34,2
"1957",12628,445,34,745.58,4,186.395,6
"1958",14790,699,30,745.06,4,186.265,6
"1959",15353,343,59,744.74,2,372.37,6
"1960",15568,461,27,744.37,3,248.123333,6
"1961",13730,488,38,744.32,2,372.16,6
"1962",13354,604,51,743.53,1,743.53,2
"1963",16216,254,37,742.44,1,742.44,2
"1964",16621,302,22,742.28,4,185.57,6
"1965",13753,512,35,741.26,1,741.26,2
"1966",17974,519,143,740.79,3,246.93,6
"1967",15252,522,44,740.78,2,370.39,6
"1968",13212,309,128,740.52,4,185.13,6
"1969",16924,480,69,739.5,4,184.875,6
"1970",14976,230,47,739.33,8,92.41625,6
"1971",12976,561,22,738.6,1,738.6,2
"1972",15656,343,46,737.71,4,184.4275,6
"1973",17516,416,113,737.68,5,147.536,6
"1974",16043,503,30,736.68,4,184.17,6
"1975",15581,286,134,736.09,14,52.577857,6
"1976",16261,306,98,735.91,4,183.9775,6
"1977",17979,395,116,735.05,5,147.01,6
"1978",16146,427,26,734.13,3,244.71,6
"1979",17692,666,34,733.44,5,146.688,6
"1980",13900,430,42,733.23,3,244.41,6
"1981",16256,577,13,732.63,2,366.315,6
"1982",16099,434,29,731.9,3,243.966667,6
"1983",14778,306,34,730.86,2,365.43,6
"1984",13575,449,41,730.43,5,146.086,6
"1985",17034,406,28,729.56,4,182.39,6
"1986",13077,863,99,729.27,4,182.3175,6
"1987",13356,325,42,729.01,1,729.01,2
"1988",13329,427,16,728.88,3,242.96,6
"1989",18156,301,100,728.46,2,364.23,6
"1990",15636,284,20,724.76,2,362.38,6
"1991",14644,252,26,723.74,3,241.246667,6
"1992",16491,478,39,723.66,1,723.66,2
"1993",18248,501,39,723.1,3,241.033333,6
"1994",17666,596,14,722.64,2,361.32,6
"1995",17521,518,38,721.96,4,180.49,6
"1996",14756,416,38,721.72,1,721.72,2
"1997",14055,216,10,721.72,1,721.72,2
"1998",17114,210,85,721.69,9,80.187778,6
"1999",15533,256,73,721.08,4,180.27,6
"2000",12735,368,38,718.68,2,359.34,6
