CustomerID,PRODUCT_QUANTITY,DISTINCT_PRODUCT,TOTAL_REVENUE,VISITS,PER_VISIT_COST
0,269562,3681,1402889.59,3526,397.869991
14646,196719,703,276830.19,75,3691.069200
18102,64122,151,251594.32,61,4124.497049
17450,69029,127,189147.03,47,4024.404894
14911,77180,1794,127250.08,202,629.950891
12415,77242,444,122658.74,22,5575.397273
14156,57025,716,110627.11,56,1975.484107
17511,63012,467,88013.48,32,2750.421250
16684,49390,120,65581.33,29,2261.425172
13694,61803,369,62785.56,51,1231.089412
15311,37720,571,59364.14,92,645.262391
16029,32148,46,58114.71,64,908.042344
13089,30787,636,56675.07,98,578.317041
15061,28590,71,52994.18,49,1081.513878
17949,27571,29,52623.99,46,1143.999783
15769,27660,26,51823.72,27,1919.397037
14298,58021,884,50655.56,45,1125.679111
14096,16335,1121,50205.49,18,2789.193889
14088,12593,379,48616.53,14,3472.609286
17841,22865,1331,38994.56,125,311.956480
13798,23514,115,36351.42,58,626.748621
16422,32592,72,34220.79,52,658.092115
12931,23377,29,33462.81,16,2091.425625
15838,9007,56,33352.29,20,1667.614500
16013,13845,34,33131.46,48,690.238750
17389,7430,48,30356.52,35,867.329143
17404,32324,111,30176.10,16,1886.006250
12748,24210,1769,30100.71,211,142.657393
13098,15911,163,28152.08,29,970.761379
13081,19021,511,27834.48,12,2319.540000
13408,16119,236,27577.09,63,437.731587
14680,12474,83,26905.25,17,1582.661765
16333,32184,9,26626.80,22,1210.309091
17857,19086,19,26313.82,24,1096.409167
13777,12804,40,25745.59,34,757.223235
15749,9014,6,21535.90,4,5383.975000
16210,7559,74,20969.53,18,1164.973889
12753,11250,132,20934.73,7,2990.675714
17381,25646,40,20272.43,30,675.747667
17675,8278,240,20042.45,32,626.326563
15039,9191,408,19553.88,48,407.372500
15159,11394,363,18010.90,31,580.996774
12731,8366,109,17927.78,13,1379.060000
12471,7965,152,17010.33,31,548.720323
17428,9435,255,16895.39,29,582.599655
13881,10062,72,16893.16,21,804.436190
13767,7258,55,16706.79,38,439.652368
12678,10899,105,16481.35,13,1267.796154
12921,9454,233,16369.10,38,430.765789
12901,20915,32,16293.10,29,561.831034
17677,9725,179,16178.90,31,521.900000
15856,10941,297,16161.19,28,577.185357
15189,6035,80,15458.32,42,368.055238
16839,8470,117,15318.30,35,437.665714
14051,3741,52,15247.21,24,635.300417
14031,5370,121,14451.48,20,722.574000
15513,5545,183,14170.91,20,708.545500
14866,6569,30,14168.98,13,1089.921538
16133,8738,221,13953.40,34,410.394118
16705,5458,135,13805.57,21,657.408095
12433,11071,219,13331.17,7,1904.452857
17735,8439,319,13087.94,19,688.838947
12681,7518,267,13022.91,23,566.213478
15498,6084,362,13013.72,28,464.775714
12621,7404,261,12944.92,21,616.424762
12477,3620,192,12901.52,7,1843.074286
14258,7098,58,12577.92,10,1257.792000
13078,5557,96,12410.08,27,459.632593
15640,6572,241,12268.42,16,766.776250
17340,5902,231,12032.63,12,1002.719167
12557,4384,15,11990.96,5,2398.192000
12540,6677,278,11940.51,18,663.361667
16000,5110,9,11889.70,3,3963.233333
16525,6493,75,11853.81,27,439.030000
12682,5575,209,11677.33,31,376.688065
12939,4876,21,11581.80,8,1447.725000
14607,7998,38,11339.78,15,755.985333
14606,5978,832,11223.65,94,119.400532
14194,5783,269,11053.96,22,502.452727
15125,5991,102,10971.21,16,685.700625
12971,9203,95,10923.30,87,125.555172
12409,5543,91,10806.13,4,2701.532500
14895,4823,275,10737.69,21,511.318571
13340,5770,128,10696.80,7,1528.114286
13319,4686,211,10543.26,27,390.491111
14769,7406,718,10535.70,9,1170.633333
17581,5861,231,10504.30,26,404.011538
13113,2594,113,10470.52,25,418.820800
14062,5593,60,10464.85,12,872.070833
16779,5236,161,10447.45,23,454.236957
17107,4537,269,10351.59,7,1478.798571
15615,5493,185,10346.80,24,431.116667
17139,5163,309,10203.94,13,784.918462
16180,5853,92,10192.64,9,1132.515556
16843,10154,226,10153.86,17,597.285882
15251,6084,97,10091.97,12,840.997500
17865,5698,191,10040.84,21,478.135238
13001,5497,166,9797.92,14,699.851429
17706,3833,270,9730.02,18,540.556667
13199,6172,48,9695.27,39,248.596667
15078,5069,98,9602.03,33,290.970606
13458,5460,242,9526.88,15,635.125333
14733,3725,102,9399.22,13,723.016923
12590,4279,68,9348.37,3,3116.123333
16523,4233,151,9163.67,22,416.530455
14367,4410,270,9158.37,17,538.727647
14667,5382,354,9144.41,26,351.708077
12709,3832,103,9013.77,16,563.360625
18092,4250,28,8973.60,12,747.800000
12744,5234,178,8804.96,8,1100.620000
12451,6455,265,8759.55,6,1459.925000
13488,4512,272,8750.31,14,625.022143
13969,4483,334,8707.42,19,458.285263
16033,3516,539,8632.85,21,411.088095
17306,11470,13,8600.73,20,430.036500
17017,6613,88,8574.11,21,408.290952
16656,8873,14,8568.24,16,535.515000
17243,3362,180,8503.75,27,314.953704
12567,4089,323,8501.54,11,772.867273
13090,2194,98,8439.22,15,562.614667
18139,5461,36,8393.22,7,1199.031429
15358,6927,292,8212.72,23,357.074783
16558,5346,264,8170.36,21,389.064762
14056,4232,321,8100.06,24,337.502500
16672,2812,23,8060.47,21,383.831905
14936,4083,210,7984.68,9,887.186667
14952,3295,119,7872.91,12,656.075833
13854,2278,39,7869.02,26,302.654615
14849,5656,159,7864.08,26,302.464615
14796,5942,403,7809.15,18,433.841667
12683,4903,177,7793.49,16,487.093125
13629,4372,28,7786.84,11,707.894545
15290,4431,93,7702.00,19,405.368421
14527,2049,331,7612.46,56,135.936786
17811,4128,359,7535.79,40,188.394750
15044,2786,233,7534.22,18,418.567778
18109,4219,120,7522.22,27,278.600741
13093,3943,99,7496.71,9,832.967778
18172,3170,101,7442.57,21,354.408095
15194,5648,209,7432.41,16,464.525625
12435,2055,31,7428.61,2,3714.305000
13263,4780,450,7397.16,35,211.347429
13018,5434,313,7237.64,29,249.573793
17396,2005,24,7215.27,8,901.908750
16729,5769,235,7191.29,22,326.876818
16745,6727,148,7170.70,18,398.372222
18229,2488,66,7058.66,20,352.933000
13985,3439,108,7012.61,16,438.288125
12798,5256,6,6977.04,3,2325.680000
13324,5200,25,6952.80,11,632.072727
14961,3692,193,6939.62,10,693.962000
13027,17280,6,6912.00,6,1152.000000
12583,5009,115,6858.63,16,428.664375
17416,4266,186,6827.30,8,853.412500
12830,9847,14,6804.65,7,972.092857
12989,2915,41,6788.27,16,424.266875
16187,5004,160,6768.32,16,423.020000
12474,4764,253,6767.36,19,356.176842
16532,2016,2,6748.80,3,2249.600000
15601,4978,230,6723.84,15,448.256000
16713,4264,339,6723.31,16,420.206875
13576,2640,78,6686.87,19,351.940526
16873,3825,179,6681.45,7,954.492857
16353,2006,51,6675.71,23,290.248261
12766,3646,205,6647.44,7,949.634286
15249,3557,211,6642.40,14,474.457143
16746,4662,234,6632.39,19,349.073158
16182,3791,17,6617.65,4,1654.412500
18055,2450,223,6604.32,11,600.392727
15465,1217,43,6602.90,19,347.521053
16923,3183,316,6575.75,20,328.787500
17338,3123,390,6571.46,9,730.162222
12705,3973,228,6546.03,10,654.603000
12428,3503,258,6545.58,10,654.558000
16652,3267,75,6540.74,8,817.592500
15144,3026,132,6530.04,18,362.780000
15482,2998,46,6479.34,13,498.410769
16814,2768,122,6443.20,22,292.872727
15023,2863,347,6404.42,12,533.701667
12431,2868,163,6363.32,16,397.707500
13871,2801,155,6357.68,14,454.120000
13102,4160,141,6328.76,25,253.150400
15694,1665,42,6311.07,15,420.738000
18223,2890,119,6298.67,15,419.911333
16126,2125,57,6287.77,4,1571.942500
13668,3637,286,6194.17,22,281.553182
13709,3501,244,6181.48,14,441.534286
15005,4204,368,6142.57,29,211.812759
14057,4708,179,6139.12,18,341.062222
14060,5374,86,6135.38,20,306.769000
17315,3856,259,6131.76,39,157.224615
12357,2708,131,6125.14,1,6125.140000
17509,3530,75,6100.74,9,677.860000
15939,4725,28,6097.25,16,381.078125
13225,3352,23,6083.04,8,760.380000
12626,3350,232,6001.58,10,600.158000
14101,6942,15,5976.79,6,996.131667
13316,6947,67,5966.92,5,1193.384000
12472,4020,226,5919.40,8,739.925000
15382,4003,193,5888.98,7,841.282857
12476,2337,177,5856.56,12,488.046667
12637,2990,205,5826.53,9,647.392222
14944,2801,101,5823.51,13,447.962308
14735,2160,99,5802.68,33,175.838788
13209,4232,255,5778.64,9,642.071111
14415,2973,284,5774.72,14,412.480000
15218,3329,77,5751.37,11,522.851818
13178,3570,95,5725.47,11,520.497273
14505,2743,542,5723.84,9,635.982222
13097,2341,215,5710.13,11,519.102727
14110,2455,94,5669.65,13,436.126923
16553,4595,63,5659.05,13,435.311538
13468,2581,184,5614.91,38,147.760789
13534,2876,119,5613.08,26,215.887692
13418,3839,223,5604.62,19,294.980000
13004,4796,277,5602.39,19,294.862632
17686,2478,205,5601.75,7,800.250000
13050,3707,246,5598.81,18,311.045000
12839,3804,96,5578.10,15,371.873333
17757,3316,275,5574.45,31,179.820968
16767,4435,148,5565.24,11,505.930909
18118,2877,424,5534.90,27,204.996296
14049,3846,352,5515.63,5,1103.126000
17716,3004,172,5480.83,12,456.735833
15502,3823,164,5465.14,13,420.395385
16985,1830,62,5445.06,11,495.005455
16609,2410,155,5431.64,8,678.955000
15805,3337,220,5430.33,18,301.685000
12720,4654,211,5416.06,26,208.310000
17049,2669,201,5357.80,10,535.780000
18225,3206,151,5342.20,13,410.938462
17809,2015,47,5334.86,13,410.373846
17719,2455,111,5329.12,16,333.070000
13269,3509,178,5296.60,16,331.037500
17730,3567,127,5288.83,14,377.773571
12539,2066,158,5269.36,5,1053.872000
16303,2621,119,5236.23,4,1309.057500
15150,3633,282,5235.27,11,475.933636
16161,2506,293,5230.55,20,261.527500
18226,3459,141,5189.59,12,432.465833
16258,2994,111,5176.15,5,1035.230000
16265,2627,164,5173.97,10,517.397000
12481,3290,150,5165.31,11,469.573636
12490,3064,131,5164.60,10,516.460000
16701,6211,99,5147.51,14,367.679286
13756,3164,66,5140.10,15,342.673333
15903,2409,46,5095.92,8,636.990000
14688,3222,148,5092.37,22,231.471364
18198,3839,81,5078.04,18,282.113333
17061,1484,57,5048.73,12,420.727500
15719,2724,299,5039.00,14,359.928571
17602,4135,335,5037.38,7,719.625714
16700,4019,159,5037.24,14,359.802857
13139,2418,132,5032.58,8,629.072500
15046,3307,147,5015.52,16,313.470000
15301,2768,167,4996.68,13,384.360000
17858,2706,101,4994.49,12,416.207500
14755,2217,128,4929.76,12,410.813333
13599,3169,172,4925.72,22,223.896364
16191,3203,67,4913.32,14,350.951429
14709,2482,71,4906.18,14,350.441429
15547,4032,441,4902.06,14,350.147143
17133,2730,13,4892.24,7,698.891429
12362,2212,201,4879.94,11,443.630909
14329,3075,218,4864.66,8,608.082500
12359,1612,214,4855.22,5,971.044000
17850,1693,24,4850.71,35,138.591714
13941,2307,24,4785.37,6,797.561667
15738,2967,46,4774.85,17,280.873529
17365,4777,278,4765.00,8,595.625000
17426,3082,179,4755.94,7,679.420000
15786,3331,257,4754.93,4,1188.732500
13013,2217,155,4749.36,14,339.240000
14292,1643,67,4742.77,10,474.277000
12955,3642,81,4734.26,12,394.521667
16722,4989,96,4711.21,14,336.515000
15727,3065,213,4706.68,7,672.382857
17652,2479,118,4693.06,13,361.004615
14135,3850,95,4690.31,15,312.687333
12700,2963,193,4681.42,5,936.284000
14159,4395,501,4660.30,12,388.358333
14191,3657,146,4660.01,14,332.857857
15555,4410,404,4644.92,17,273.230588
15152,2694,196,4621.52,14,330.108571
14189,3919,176,4604.31,16,287.769375
14286,4306,220,4595.81,4,1148.952500
16931,3158,448,4591.17,21,218.627143
12688,3028,171,4571.78,1,4571.780000
14390,2125,135,4562.51,10,456.251000
12437,2918,119,4560.18,19,240.009474
14562,1670,189,4555.02,19,239.737895
15291,2074,63,4532.30,16,283.268750
12664,1202,10,4531.74,10,453.174000
12714,3069,216,4516.35,5,903.270000
17068,2154,116,4512.02,22,205.091818
17613,2470,211,4498.58,15,299.905333
14004,2668,102,4492.24,7,641.748571
15187,1869,61,4482.91,17,263.700588
15032,2668,29,4464.10,4,1116.025000
17364,2680,288,4428.05,12,369.004167
14085,3183,272,4400.69,19,231.615263
15093,3733,52,4388.06,7,626.865714
17975,1552,189,4367.71,14,311.979286
15955,2124,137,4367.22,15,291.148000
12752,2262,53,4366.78,1,4366.780000
13267,1939,88,4360.28,20,218.014000
16945,2725,137,4337.78,19,228.304211
16984,2408,354,4322.67,3,1440.890000
18251,7824,16,4314.72,1,4314.720000
17937,1754,19,4301.22,7,614.460000
12627,2752,162,4284.19,7,612.027143
12347,2458,103,4268.60,7,609.800000
14422,2906,189,4230.24,6,705.040000
12524,3699,113,4225.62,8,528.202500
15034,2411,299,4219.62,9,468.846667
15971,1717,10,4199.85,12,349.987500
17690,1767,186,4198.45,16,262.403125
16626,2670,86,4195.29,18,233.071667
12747,1275,42,4179.57,11,379.960909
14800,3634,248,4161.45,13,320.111538
12432,1801,107,4148.41,5,829.682000
16549,2365,445,4147.11,10,414.711000
18041,3810,285,4139.86,22,188.175455
12949,2363,166,4134.74,9,459.415556
14525,2662,218,4131.84,10,413.184000
13555,2660,128,4116.94,4,1029.235000
17419,1872,155,4113.76,13,316.443077
17920,2516,407,4093.60,17,240.800000
17377,2075,191,4090.93,21,194.806190
12500,2671,34,4087.51,12,340.625833
14180,710,112,4080.92,26,156.958462
12484,2185,256,4078.42,7,582.631429
12757,2385,237,4076.93,14,291.209286
13384,2415,123,4074.72,8,509.340000
16592,2914,142,4068.32,17,239.312941
16401,3858,68,4061.24,13,312.403077
14092,2061,117,4053.18,15,270.212000
15570,2058,232,4050.81,13,311.600769
14401,4505,113,4037.47,14,288.390714
12712,1044,59,4031.34,14,287.952857
12536,2652,260,4021.22,4,1005.305000
14534,1925,334,4020.18,19,211.588421
14016,2124,154,4017.44,5,803.488000
17567,2428,110,4009.80,9,445.533333
12444,1155,138,4002.35,5,800.470000
16670,2524,179,3995.84,12,332.986667
13988,3025,188,3988.52,7,569.788571
16186,3008,87,3986.42,13,306.647692
12867,4274,241,3986.22,8,498.277500
15529,3489,415,3967.78,12,330.648333
13183,2208,51,3957.78,9,439.753333
12378,2529,219,3953.90,1,3953.900000
15874,2506,123,3952.56,8,494.070000
17611,2552,440,3939.59,16,246.224375
12957,2531,208,3938.75,9,437.638889
17001,2164,75,3922.41,11,356.582727
17769,1857,200,3915.40,11,355.945455
17593,3095,190,3901.64,6,650.273333
13802,2281,57,3900.51,4,975.127500
14739,3817,47,3899.10,8,487.387500
15416,2089,165,3896.01,5,779.202000
12449,1553,118,3895.99,4,973.997500
17651,3100,149,3883.91,11,353.082727
15299,2940,9,3881.02,8,485.127500
14547,2658,198,3880.16,9,431.128889
13999,2231,102,3865.26,13,297.327692
15195,1404,1,3861.00,1,3861.000000
12779,1996,88,3860.42,9,428.935556
18073,3098,23,3844.40,13,295.723077
12841,2683,230,3838.84,26,147.647692
16327,2571,142,3829.16,6,638.193333
14426,2339,187,3820.56,11,347.323636
14277,1624,195,3818.95,4,954.737500
15804,2515,170,3797.05,14,271.217857
14291,2748,145,3795.18,12,316.265000
17091,1743,119,3784.57,10,378.457000
13435,2125,68,3783.04,8,472.880000
13124,2147,185,3779.57,3,1259.856667
13815,2557,132,3774.87,5,754.974000
15298,2752,115,3774.10,13,290.315385
16168,1888,57,3759.56,28,134.270000
12656,1708,89,3747.40,6,624.566667
16145,3072,134,3736.46,12,311.371667
12749,1422,160,3733.17,6,622.195000
14282,2668,70,3729.34,15,248.622667
17173,1121,36,3727.81,9,414.201111
15867,2052,302,3727.04,16,232.940000
13069,5466,285,3715.31,25,148.612400
14364,1967,61,3714.59,8,464.323750
12727,2085,109,3714.09,8,464.261250
15808,1341,143,3705.45,5,741.090000
17238,1822,297,3700.13,17,217.654706
12980,864,6,3697.50,10,369.750000
16904,2034,387,3685.77,16,230.360625
16655,2367,208,3678.64,6,613.106667
13505,2461,182,3673.93,5,734.786000
16253,3137,115,3665.62,3,1221.873333
12662,2040,129,3660.95,12,305.079167
13266,4299,83,3657.75,13,281.365385
18079,7432,99,3651.97,4,912.992500
15845,1918,97,3648.36,9,405.373333
12569,1793,92,3647.51,33,110.530606
16440,2018,186,3640.67,5,728.134000
13137,2225,346,3640.42,9,404.491111
16570,2050,70,3632.87,11,330.260909
13381,2027,77,3626.81,7,518.115714
15379,2293,145,3612.57,8,451.571250
13327,1588,74,3612.05,9,401.338889
16242,1981,184,3591.30,8,448.912500
16712,1749,259,3590.11,11,326.373636
13082,4313,63,3588.52,10,358.852000
15296,1757,137,3583.91,7,511.987143
14132,3366,100,3572.29,12,297.690833
17203,2850,116,3563.85,6,593.975000
12562,1779,99,3549.84,7,507.120000
13426,2224,104,3549.06,11,322.641818
15484,3136,135,3547.67,5,709.534000
15544,3105,122,3536.99,10,353.699000
12429,1557,82,3533.01,4,883.252500
13334,1774,207,3531.66,3,1177.220000
13953,2724,8,3515.68,7,502.240000
17491,2012,72,3511.12,11,319.192727
17160,2856,111,3508.01,6,584.668333
14503,2004,113,3504.86,6,584.143333
17819,1027,36,3501.95,8,437.743750
14040,1524,147,3497.55,13,269.042308
15505,2348,90,3497.14,6,582.856667
16458,2154,52,3482.74,18,193.485556
13523,1745,157,3481.83,6,580.305000
13552,1386,82,3474.01,13,267.231538
14395,1689,181,3469.15,10,346.915000
16131,1802,55,3467.90,6,577.983333
12668,1595,115,3460.55,5,692.110000
12370,2353,143,3455.66,4,863.915000
12553,1924,95,3453.75,11,313.977273
13448,1638,137,3451.27,7,493.038571
17758,2091,310,3445.04,8,430.630000
15113,2362,77,3439.41,4,859.852500
13536,2136,91,3428.21,7,489.744286
15129,1794,54,3426.89,11,311.535455
15981,1866,53,3408.48,8,426.060000
17230,1553,51,3408.11,9,378.678889
17669,1916,45,3406.72,7,486.674286
16360,2128,365,3404.73,7,486.390000
14907,1686,125,3397.89,8,424.736250
17576,1954,245,3395.72,20,169.786000
15974,2256,141,3387.09,8,423.386250
16019,1649,133,3382.32,10,338.232000
15410,1200,48,3379.68,8,422.460000
16240,1634,127,3359.25,3,1119.750000
16011,2042,99,3352.73,16,209.545625
17725,2141,115,3339.11,12,278.259167
14221,2190,123,3334.06,10,333.406000
17528,2130,183,3327.03,9,369.670000
15228,2252,110,3322.64,5,664.528000
15708,1258,124,3321.44,8,415.180000
13198,2645,200,3321.41,7,474.487143
12647,1420,79,3316.72,13,255.132308
14227,1811,117,3305.79,11,300.526364
13373,1651,135,3286.77,3,1095.590000
16818,2163,172,3285.53,12,273.794167
14841,1778,103,3279.20,6,546.533333
16717,1568,178,3278.36,7,468.337143
17723,792,4,3276.40,6,546.066667
16556,1890,144,3267.60,7,466.800000
13842,1768,155,3267.38,9,363.042222
13148,1828,238,3266.87,13,251.297692
15676,2231,191,3266.32,4,816.580000
12406,1809,92,3265.87,3,1088.623333
13437,1283,143,3262.18,7,466.025714
12417,1539,158,3258.41,10,325.841000
17183,1264,42,3248.78,7,464.111429
12594,1776,50,3248.18,11,295.289091
13993,892,66,3228.49,10,322.849000
12597,2187,184,3227.87,5,645.574000
12643,1808,11,3223.46,6,537.243333
17050,1614,169,3215.20,6,535.866667
13880,1842,125,3193.17,13,245.628462
17685,1956,88,3191.53,7,455.932857
13868,1964,32,3189.78,2,1594.890000
13952,1425,120,3188.09,3,1062.696667
17220,1905,303,3173.79,14,226.699286
14844,1833,87,3173.25,4,793.312500
15443,1660,237,3163.85,8,395.481250
13014,886,67,3162.63,11,287.511818
17863,2638,110,3160.00,6,526.666667
13758,1844,104,3148.75,7,449.821429
14145,636,6,3148.20,5,629.640000
15632,2049,107,3147.31,9,349.701111
14388,1933,124,3142.52,9,349.168889
15622,1552,169,3138.87,10,313.887000
13268,3635,257,3134.92,12,261.243333
14702,1444,196,3122.36,18,173.464444
13685,5056,29,3119.44,7,445.634286
17231,1736,294,3115.27,11,283.206364
15764,2036,150,3108.39,7,444.055714
13520,1642,49,3097.62,7,442.517143
13135,4300,1,3096.00,1,3096.000000
12613,1596,124,3095.80,6,515.966667
13869,1721,234,3089.63,4,772.407500
16107,1176,16,3088.96,7,441.280000
12502,820,102,3087.64,5,617.528000
14235,1947,65,3086.18,6,514.363333
12480,1707,129,3086.09,4,771.522500
12910,1692,48,3075.04,8,384.380000
13362,1379,128,3074.95,5,614.990000
17059,1855,292,3073.46,5,614.692000
14099,2177,167,3070.95,12,255.912500
13047,1355,106,3068.25,11,278.931818
12619,3354,50,3067.48,10,306.748000
18272,2044,99,3064.78,7,437.825714
16837,1562,123,3056.82,12,254.735000
14257,1677,89,3055.79,6,509.298333
16218,2077,56,3054.87,8,381.858750
17672,1672,105,3050.86,3,1016.953333
16905,1407,117,3048.87,8,381.108750
15998,2037,373,3046.61,6,507.768333
16940,2169,226,3042.92,3,1014.306667
16326,689,158,3037.03,15,202.468667
14456,2901,580,3034.58,10,303.458000
13015,1617,156,3032.73,5,606.546000
13631,460,6,3021.77,12,251.814167
18094,2518,39,3017.30,7,431.042857
16678,2368,93,3013.83,13,231.833077
16041,1584,6,3007.68,3,1002.560000
16156,1270,109,3000.78,10,300.078000
15861,2543,339,3000.36,9,333.373333
14175,1461,139,2998.18,4,749.545000
15491,1624,108,2992.51,7,427.501429
12754,6479,50,2990.76,4,747.690000
13742,1116,200,2986.26,13,229.712308
17799,1755,280,2984.08,11,271.280000
15854,939,105,2974.65,12,247.887500
15514,1791,96,2963.19,12,246.932500
14307,2058,150,2962.29,6,493.715000
14565,1532,111,2945.46,5,589.092000
16393,1529,121,2941.05,14,210.075000
14032,2008,53,2929.84,12,244.153333
12916,1111,53,2927.65,5,585.530000
18087,3571,7,2927.31,3,975.770000
15687,1308,119,2924.66,10,292.466000
17512,2752,61,2920.04,11,265.458182
16686,2025,406,2918.26,8,364.782500
17084,1816,146,2917.75,2,1458.875000
12906,1749,55,2917.05,5,583.410000
13451,2143,315,2911.65,6,485.275000
12598,1940,84,2903.80,9,322.644444
14868,1399,96,2900.56,9,322.284444
17924,1141,27,2894.33,8,361.791250
16497,1396,128,2893.18,6,482.196667
14146,1886,183,2888.49,6,481.415000
14530,1410,140,2884.74,6,480.790000
14251,1674,37,2879.70,5,575.940000
12670,1391,58,2874.01,6,479.001667
14639,1428,138,2873.16,7,410.451429
17659,1486,127,2866.62,13,220.509231
15628,1882,85,2865.64,10,286.564000
15673,1514,107,2857.18,4,714.295000
18144,1343,27,2855.63,12,237.969167
16709,851,64,2844.85,5,568.970000
18145,2625,174,2841.59,4,710.397500
14543,600,43,2832.21,17,166.600588
14299,2013,94,2830.52,10,283.052000
14535,1825,280,2830.05,4,707.512500
14005,2478,53,2826.24,5,565.248000
17596,4400,168,2822.41,7,403.201429
14852,1747,96,2816.35,6,469.391667
16633,1137,115,2814.29,7,402.041429
17728,1464,154,2812.34,4,703.085000
16607,2822,140,2806.14,15,187.076000
12395,2113,91,2803.47,13,215.651538
12758,2135,84,2791.59,2,1395.795000
16081,1477,175,2790.34,5,558.068000
17739,856,29,2786.05,8,348.256250
13901,1739,144,2784.85,5,556.970000
16928,2094,72,2778.94,18,154.385556
15065,1355,148,2777.44,5,555.488000
12388,1462,57,2773.70,6,462.283333
14112,1608,117,2768.19,8,346.023750
15984,1833,217,2767.28,11,251.570909
15356,1673,215,2766.50,10,276.650000
17644,1741,103,2763.96,12,230.330000
15114,3096,136,2760.56,10,276.056000
16764,1247,209,2752.73,14,196.623571
16871,1250,131,2746.25,7,392.321429
14572,1425,191,2732.21,8,341.526250
13870,1320,91,2731.81,9,303.534444
13769,1152,73,2730.79,11,248.253636
12685,1523,117,2724.72,6,454.120000
14121,2078,148,2718.63,5,543.726000
18230,1298,32,2716.60,8,339.575000
13174,1395,228,2716.27,3,905.423333
12408,1399,81,2715.64,6,452.606667
12840,1505,67,2714.27,5,542.854000
17504,1456,112,2711.52,10,271.152000
15993,2042,336,2710.14,8,338.767500
17213,1167,85,2705.60,8,338.200000
14903,1491,227,2698.73,6,449.788333
13971,1818,118,2696.70,9,299.633333
14626,1387,108,2693.55,5,538.710000
14125,1640,159,2690.11,3,896.703333
17386,1902,23,2686.42,6,447.736667
13285,2051,157,2685.48,4,671.370000
12473,2363,140,2679.72,6,446.620000
14732,1402,105,2677.86,9,297.540000
18097,1685,66,2676.79,7,382.398571
13735,1083,161,2673.73,5,534.746000
14107,1788,61,2673.60,8,334.200000
12456,1616,105,2667.30,4,666.825000
13230,1544,393,2662.06,15,177.470667
15796,859,71,2656.14,9,295.126667
14854,1822,110,2656.13,8,332.016250
13851,1705,77,2651.46,3,883.820000
13654,2182,157,2650.63,6,441.771667
14713,1613,146,2641.66,12,220.138333
18077,1878,101,2633.01,11,239.364545
13771,1476,114,2628.94,5,525.788000
15321,1163,83,2624.97,4,656.242500
12356,1591,53,2624.77,3,874.923333
15671,1681,52,2619.95,8,327.493750
15752,1973,236,2618.97,8,327.371250
14262,1645,87,2618.23,8,327.278750
13804,1498,124,2614.03,7,373.432857
17069,1482,111,2612.38,10,261.238000
15696,1022,140,2609.86,9,289.984444
16241,1453,347,2607.87,13,200.605385
14408,1616,60,2606.53,7,372.361429
18210,1398,109,2603.88,6,433.980000
16919,1413,141,2596.45,11,236.040909
13895,1364,97,2582.60,5,516.520000
16255,1760,146,2581.10,9,286.788889
15485,1306,59,2575.00,3,858.333333
18260,1469,86,2573.05,7,367.578571
17965,1556,274,2572.93,14,183.780714
14439,526,32,2570.68,1,2570.680000
13911,2731,120,2569.87,9,285.541111
12438,1180,84,2562.94,2,1281.470000
17346,1639,299,2560.63,16,160.039375
16308,8000,1,2560.00,4,640.000000
14397,1852,18,2556.68,20,127.834000
16618,1362,79,2555.76,6,425.960000
13422,1321,127,2555.71,2,1277.855000
14676,2498,30,2543.24,7,363.320000
14334,1730,98,2539.46,9,282.162222
13644,2060,144,2531.76,5,506.352000
15033,1692,315,2529.39,11,229.944545
13021,1336,103,2525.41,10,252.541000
17317,1074,8,2524.02,4,631.005000
12726,3143,57,2520.99,7,360.141429
13136,1312,97,2520.54,6,420.090000
15245,1784,55,2515.84,3,838.613333
14243,1204,99,2513.00,11,228.454545
13471,1590,214,2512.14,4,628.035000
17314,1884,120,2509.74,9,278.860000
18075,1437,97,2506.66,11,227.878182
12380,1126,77,2503.63,5,500.726000
13975,1725,240,2503.23,7,357.604286
13883,1368,110,2495.75,6,415.958333
16477,1415,111,2494.46,7,356.351429
17402,701,33,2493.96,13,191.843077
17449,1115,178,2492.93,8,311.616250
18245,1781,155,2491.56,8,311.445000
17700,1261,118,2491.39,5,498.278000
13695,1603,46,2484.09,15,165.606000
16912,1014,89,2483.00,12,206.916667
17655,956,66,2482.48,8,310.310000
14546,1287,255,2482.06,6,413.676667
12578,1171,112,2478.62,3,826.206667
15782,863,34,2477.79,4,619.447500
12625,1577,74,2475.30,3,825.100000
12836,1064,148,2475.27,4,618.817500
12721,1954,134,2474.15,7,353.450000
12913,1419,37,2473.61,5,494.722000
15932,2311,93,2461.85,9,273.538889
12600,773,32,2460.89,11,223.717273
17164,1500,92,2455.48,8,306.935000
14842,1146,128,2451.28,5,490.256000
15750,1779,214,2448.47,9,272.052222
17682,1365,48,2448.41,7,349.772857
12708,1270,86,2447.77,11,222.524545
13507,1597,146,2446.60,4,611.650000
14659,1183,147,2445.49,10,244.549000
16710,1836,268,2441.45,10,244.145000
15271,1257,184,2439.68,16,152.480000
13588,2573,132,2431.20,10,243.120000
12520,1430,121,2428.67,6,404.778333
13784,2493,9,2428.11,11,220.737273
13949,2474,124,2427.32,6,404.553333
14766,1323,111,2427.21,7,346.744286
15606,720,51,2422.64,10,242.264000
17131,983,78,2414.57,5,482.914000
14315,1010,64,2404.62,7,343.517143
15980,1560,40,2398.86,3,799.620000
17444,2119,132,2390.81,3,796.936667
12455,2089,85,2389.81,6,398.301667
17071,1182,102,2385.48,10,238.548000
12517,1348,232,2384.79,6,397.465000
17589,1631,172,2375.70,4,593.925000
13141,1547,113,2374.76,6,395.793333
18065,1024,110,2366.76,15,157.784000
13722,1400,75,2360.88,4,590.220000
15521,1674,117,2359.80,9,262.200000
14554,1478,147,2353.64,4,588.410000
15572,1229,166,2346.25,7,335.178571
15089,1359,139,2343.68,6,390.613333
14163,893,36,2342.31,4,585.577500
18259,714,27,2338.60,3,779.533333
15140,1567,74,2338.32,8,292.290000
16316,1466,121,2335.13,9,259.458889
17530,1526,306,2330.65,10,233.065000
13658,1009,91,2327.19,6,387.865000
14502,1483,369,2322.54,12,193.545000
17634,840,209,2322.41,9,258.045556
14493,1279,95,2321.43,6,386.905000
13394,2215,126,2311.28,9,256.808889
15755,1397,127,2306.33,7,329.475714
13908,1470,104,2306.08,5,461.216000
15527,988,128,2302.32,9,255.813333
14239,986,83,2301.30,12,191.775000
15105,1211,90,2298.93,7,328.418571
17954,2229,327,2295.37,13,176.566923
13994,940,122,2294.32,6,382.386667
15704,1028,79,2293.62,4,573.405000
17744,3376,111,2291.08,7,327.297143
15288,775,80,2289.96,5,457.992000
17434,1685,100,2288.47,8,286.058750
17313,1382,24,2288.13,2,1144.065000
14930,1166,116,2287.57,3,762.523333
17722,1572,112,2285.12,5,457.024000
14440,588,33,2281.40,5,456.280000
14309,1619,75,2281.04,10,228.104000
13704,1528,111,2274.55,10,227.455000
14290,913,90,2272.47,6,378.745000
13700,2304,139,2265.12,10,226.512000
12360,1165,105,2260.93,3,753.643333
16735,1554,88,2258.17,6,376.361667
16209,1179,37,2257.61,5,451.522000
14432,2070,256,2255.51,6,375.918333
12397,1263,110,2255.21,2,1127.605000
17188,1301,71,2254.46,8,281.807500
18257,1010,98,2252.08,9,250.231111
17211,1310,150,2251.63,9,250.181111
13527,1673,153,2250.46,8,281.307500
16003,1185,82,2242.77,5,448.554000
15235,1324,132,2233.59,12,186.132500
15665,1666,92,2227.05,2,1113.525000
14700,1342,80,2224.26,3,741.420000
16550,1526,163,2224.21,6,370.701667
16782,703,103,2223.77,14,158.840714
14711,966,221,2222.99,12,185.249167
15785,1594,58,2221.75,6,370.291667
16771,1489,200,2221.26,5,444.252000
17768,1186,77,2218.34,3,739.446667
15281,1193,122,2215.67,10,221.567000
15370,828,65,2211.23,8,276.403750
12755,866,5,2210.76,3,736.920000
17940,9751,8,2208.61,11,200.782727
14211,1232,87,2205.54,10,220.554000
18242,1017,72,2203.57,4,550.892500
15797,873,8,2202.39,4,550.597500
13680,1267,164,2202.31,5,440.462000
14825,991,82,2202.07,12,183.505833
17442,1490,97,2198.34,7,314.048571
12615,1376,82,2197.56,4,549.390000
17591,1008,81,2197.10,8,274.637500
17696,1730,79,2196.09,9,244.010000
14776,2688,44,2195.58,12,182.965000
12684,1985,61,2193.51,7,313.358571
16743,2010,89,2191.84,8,273.980000
13862,1682,97,2187.31,9,243.034444
15722,1021,47,2186.73,6,364.455000
15179,1907,91,2186.20,6,364.366667
15123,1195,93,2185.51,2,1092.755000
13831,745,58,2183.67,6,363.945000
16628,1202,79,2183.04,6,363.840000
14808,2054,179,2182.02,9,242.446667
16293,978,102,2178.00,11,198.000000
17838,1421,96,2175.61,6,362.601667
14226,1301,64,2173.92,6,362.320000
16076,1363,71,2173.53,11,197.593636
16143,917,75,2171.94,7,310.277143
12653,919,37,2163.77,2,1081.885000
14341,1401,109,2163.62,9,240.402222
16456,1148,80,2158.37,5,431.674000
14466,1006,35,2158.00,7,308.285714
12935,1852,80,2156.45,8,269.556250
14701,909,273,2154.35,10,215.435000
15811,1061,117,2153.68,7,307.668571
13224,1512,101,2150.85,3,716.950000
15394,910,54,2149.94,4,537.485000
12856,1076,155,2149.13,7,307.018571
16966,1978,9,2148.47,8,268.558750
13115,1534,92,2145.71,5,429.142000
14560,1223,39,2143.34,23,93.188696
14828,2172,17,2139.76,3,713.253333
17272,1776,70,2136.69,5,427.338000
12876,1941,67,2133.15,2,1066.575000
13365,1238,122,2130.76,3,710.253333
13344,971,115,2128.39,3,709.463333
16379,1408,87,2126.38,5,425.276000
16057,833,109,2120.60,8,265.075000
13317,1003,101,2116.31,7,302.330000
13632,1036,121,2114.26,6,352.376667
16407,1124,99,2114.25,10,211.425000
18061,955,18,2111.57,10,211.157000
18008,1581,24,2108.75,9,234.305556
18173,1220,23,2106.84,4,526.710000
13755,1241,232,2102.74,10,210.274000
15373,476,74,2101.38,13,161.644615
13517,1360,125,2100.79,4,525.197500
15815,1856,33,2100.60,5,420.120000
14691,707,50,2093.75,5,418.750000
14515,1134,68,2092.13,6,348.688333
17400,1097,175,2092.06,5,418.412000
13297,963,52,2089.85,4,522.462500
15058,1069,199,2089.63,11,189.966364
18283,1397,263,2088.92,16,130.557500
13265,1752,66,2085.46,5,417.092000
18093,1381,31,2083.42,5,416.684000
13571,1759,157,2079.60,12,173.300000
14810,1016,106,2077.92,11,188.901818
14696,1626,117,2070.97,8,258.871250
17191,1167,163,2064.89,7,294.984286
12928,1472,59,2062.70,5,412.540000
14360,1151,104,2062.59,4,515.647500
16281,934,17,2062.06,1,2062.060000
14482,1646,110,2055.97,6,342.661667
18231,808,106,2055.13,6,342.521667
18241,1047,60,2050.65,18,113.925000
12948,1077,82,2048.18,8,256.022500
14461,766,173,2047.48,3,682.493333
17625,1198,223,2047.00,4,511.750000
13126,2130,124,2046.82,9,227.424444
13450,1982,32,2043.72,6,340.620000
14232,1937,81,2041.17,6,340.195000
17090,920,45,2039.09,8,254.886250
14306,1073,33,2037.94,3,679.313333
12633,1149,73,2036.50,5,407.300000
16954,1054,40,2029.16,9,225.462222
16358,1301,82,2024.95,5,404.990000
14001,959,35,2024.81,4,506.202500
17086,1859,76,2024.11,6,337.351667
17667,1037,85,2022.39,5,404.478000
12782,1070,81,2021.18,6,336.863333
18069,1308,334,2021.00,6,336.833333
15341,812,17,2020.52,1,2020.520000
14209,688,55,2019.77,7,288.538571
15270,1459,22,2019.06,8,252.382500
14188,1145,34,2018.91,7,288.415714
12501,1722,149,2018.64,2,1009.320000
14544,1543,97,2017.49,2,1008.745000
18044,1032,88,2016.29,11,183.299091
16409,1306,145,2015.08,5,403.016000
16875,1044,94,2009.55,6,334.925000
17597,1176,55,2009.39,1,2009.390000
17861,1968,172,2008.76,9,223.195556
15372,2924,27,2007.40,1,2007.400000
14407,1412,67,2005.83,7,286.547143
12483,1097,46,2003.00,9,222.555556
16754,4280,2,2002.40,1,2002.400000
14506,730,204,1999.74,5,399.948000
18188,1167,63,1998.49,4,499.622500
12560,1078,92,1998.31,4,499.577500
16698,840,4,1998.00,2,999.000000
18219,883,58,1996.48,11,181.498182
13630,1377,51,1995.68,8,249.460000
17612,1787,117,1992.76,7,284.680000
13495,814,34,1990.12,6,331.686667
13305,1232,50,1989.82,10,198.982000
14640,829,87,1987.43,7,283.918571
13593,707,77,1984.76,6,330.793333
15531,1105,196,1980.45,2,990.225000
17827,1247,190,1976.94,5,395.388000
18204,1198,159,1976.79,4,494.197500
13590,1846,70,1970.60,7,281.514286
12518,1318,84,1960.77,5,392.154000
17088,868,96,1959.44,4,489.860000
16341,1388,60,1959.38,5,391.876000
14730,1132,317,1943.90,8,242.987500
17790,836,121,1942.53,14,138.752143
17218,958,146,1939.76,10,193.976000
17554,1763,58,1937.01,5,387.402000
14462,932,151,1932.58,12,161.048333
15834,961,243,1927.49,5,385.498000
14655,1088,35,1925.19,5,385.038000
17337,1240,421,1919.02,5,383.804000
17679,729,29,1918.95,2,959.475000
14978,525,136,1918.46,5,383.692000
15493,555,177,1916.45,6,319.408333
16983,1366,112,1913.24,8,239.155000
13246,1552,110,1912.06,7,273.151429
16426,1243,211,1908.25,10,190.825000
14418,1711,114,1906.47,3,635.490000
17228,1532,140,1906.09,8,238.261250
16150,1004,91,1906.07,6,317.678333
15518,1262,136,1904.45,9,211.605556
14653,950,154,1904.37,7,272.052857
14250,1200,94,1904.05,3,634.683333
17490,1021,64,1903.84,8,237.980000
15819,1357,96,1901.53,4,475.382500
14217,677,78,1899.18,18,105.510000
16938,1025,212,1892.73,5,378.546000
15641,1562,102,1887.20,4,471.800000
14210,759,66,1885.17,7,269.310000
14409,1158,40,1882.29,7,268.898571
16942,807,159,1880.31,10,188.031000
16986,1040,3,1873.20,2,936.600000
14472,1160,153,1872.36,8,234.045000
17870,1400,214,1871.96,13,143.996923
14285,541,18,1869.35,4,467.337500
16128,988,76,1869.18,5,373.836000
14030,1479,210,1866.27,8,233.283750
15021,829,287,1864.25,10,186.425000
15367,1055,92,1862.17,5,372.434000
14887,1100,6,1862.00,1,1862.000000
13982,1132,72,1861.11,5,372.222000
17463,1090,162,1858.14,6,309.690000
13890,826,74,1858.10,11,168.918182
15351,732,160,1857.18,8,232.147500
17787,910,94,1856.79,4,464.197500
17422,2195,93,1853.13,7,264.732857
12585,1258,77,1851.49,3,617.163333
16170,1766,106,1850.46,7,264.351429
12853,782,66,1848.58,7,264.082857
13421,1180,89,1846.22,3,615.406667
17469,778,61,1843.06,6,307.176667
12950,1380,13,1843.00,3,614.333333
17015,1981,182,1842.56,3,614.186667
16455,988,69,1841.18,7,263.025714
17519,1233,60,1839.07,7,262.724286
14934,1041,68,1837.98,3,612.660000
18287,1586,59,1837.28,3,612.426667
18180,1721,108,1835.47,6,305.911667
16102,942,41,1832.20,3,610.733333
15203,1753,82,1827.80,6,304.633333
15814,1247,64,1826.67,5,365.334000
12963,873,76,1824.72,9,202.746667
16169,1325,71,1822.97,4,455.742500
12704,1003,64,1820.40,9,202.266667
16098,613,34,1817.09,7,259.584286
14533,2777,53,1812.62,8,226.577500
16153,1073,78,1812.39,5,362.478000
16201,1267,74,1810.73,5,362.146000
13048,1230,77,1805.91,5,361.182000
16474,918,237,1803.44,8,225.430000
17293,1140,93,1801.34,9,200.148889
13562,757,50,1799.33,3,599.776667
14305,1069,96,1798.75,4,449.687500
17750,3957,101,1797.57,9,199.730000
17738,1027,89,1796.11,5,359.222000
14498,1098,162,1794.87,5,358.974000
15157,2242,126,1794.84,4,448.710000
18122,1234,239,1791.29,6,298.548333
14459,760,37,1788.24,1,1788.240000
14216,594,47,1787.16,4,446.790000
13650,918,79,1785.90,7,255.128571
14608,437,8,1785.15,4,446.287500
14935,935,10,1784.71,1,1784.710000
18179,1360,86,1782.69,6,297.115000
16979,860,64,1782.65,7,254.664286
17705,957,63,1781.12,10,178.112000
16380,1524,28,1780.59,1,1780.590000
13875,1316,79,1778.51,5,355.702000
16249,950,67,1777.99,5,355.598000
13481,1127,98,1776.81,6,296.135000
16152,642,29,1775.76,1,1775.760000
16841,2234,101,1774.62,7,253.517143
12674,1102,52,1773.96,5,354.792000
13510,1382,86,1772.61,5,354.522000
12762,1227,62,1772.45,2,886.225000
14215,1354,98,1772.40,7,253.200000
13983,1170,91,1772.12,13,136.316923
17082,1049,75,1771.32,2,885.660000
16681,1407,18,1770.34,6,295.056667
15864,1044,16,1769.78,7,252.825714
17648,486,81,1767.60,5,353.520000
15594,982,85,1767.53,6,294.588333
17629,1621,106,1765.19,9,196.132222
16751,1031,24,1764.72,1,1764.720000
17092,1131,99,1763.86,4,440.965000
12424,740,30,1760.96,2,880.480000
12823,230,1,1759.50,5,351.900000
15260,861,62,1758.81,8,219.851250
18235,1578,100,1758.72,3,586.240000
12423,1327,97,1757.53,9,195.281111
13196,1224,97,1753.90,4,438.475000
15220,1377,110,1753.90,7,250.557143
12610,1028,85,1753.36,6,292.226667
15812,922,36,1751.78,5,350.356000
12584,354,44,1751.52,10,175.152000
12528,750,50,1751.12,7,250.160000
12383,1529,84,1746.14,6,291.023333
16719,1202,108,1744.62,8,218.077500
14524,676,161,1743.82,9,193.757778
17930,1594,26,1740.48,5,348.096000
17353,1200,5,1740.00,2,870.000000
17754,1820,82,1739.92,6,289.986667
15674,1075,88,1736.86,6,289.476667
14621,987,80,1736.60,6,289.433333
14673,1004,39,1736.40,5,347.280000
14595,978,94,1733.69,6,288.948333
15241,1815,82,1733.58,9,192.620000
17457,826,14,1732.18,5,346.436000
15050,1184,68,1727.17,4,431.792500
13134,1044,94,1727.08,5,345.416000
14387,819,125,1724.56,3,574.853333
13157,1430,69,1721.57,5,344.314000
17702,1320,62,1719.72,5,343.944000
17663,793,63,1717.55,8,214.693750
15267,944,8,1717.36,5,343.472000
17043,998,100,1717.06,4,429.265000
13094,1542,4,1708.86,13,131.450769
15947,898,29,1708.24,1,1708.240000
13456,756,43,1707.13,7,243.875714
15950,722,86,1705.26,5,341.052000
16007,1393,221,1699.18,4,424.795000
13824,768,34,1698.94,5,339.788000
17162,1000,81,1696.67,11,154.242727
13725,659,97,1695.49,9,188.387778
17282,1877,79,1694.69,3,564.896667
16813,1525,248,1692.98,10,169.298000
14834,731,43,1692.83,7,241.832857
16671,875,3,1692.27,3,564.090000
12645,1072,58,1691.30,5,338.260000
13763,725,17,1689.46,2,844.730000
15067,954,82,1685.16,3,561.720000
15380,374,22,1682.36,6,280.393333
13808,782,70,1682.14,5,336.428000
15240,1361,61,1680.89,6,280.148333
12523,861,84,1677.57,12,139.797500
17193,1238,17,1674.46,8,209.307500
16791,759,218,1672.65,8,209.081250
13149,1280,76,1670.54,4,417.635000
17656,1399,67,1669.67,5,333.934000
14245,971,107,1667.00,3,555.666667
16115,1001,169,1666.05,8,208.256250
13647,894,65,1664.70,5,332.940000
12912,670,17,1662.30,5,332.460000
15332,652,29,1661.06,4,415.265000
12843,753,69,1659.80,9,184.422222
14045,535,4,1659.75,4,414.937500
13924,1532,91,1657.12,7,236.731429
15024,920,105,1655.81,10,165.581000
13577,771,61,1655.79,5,331.158000
12909,1270,78,1652.68,6,275.446667
16775,440,84,1651.54,11,150.140000
15214,1254,109,1650.90,8,206.362500
17451,1178,83,1648.95,8,206.118750
13184,1662,138,1648.79,11,149.890000
13750,516,20,1647.26,5,329.452000
13162,1663,74,1644.99,5,328.998000
17873,999,24,1644.97,6,274.161667
17284,1362,229,1641.68,7,234.525714
14837,1430,96,1641.20,5,328.240000
15002,862,93,1636.24,4,409.060000
12407,1416,57,1635.07,5,327.014000
14164,1033,28,1631.77,2,815.885000
15826,962,64,1628.28,4,407.070000
16711,833,18,1627.99,5,325.598000
16515,833,89,1627.13,5,325.426000
15953,885,65,1626.25,9,180.694444
17406,784,99,1626.00,4,406.500000
15827,842,73,1623.81,15,108.254000
17673,1485,118,1622.22,7,231.745714
12457,695,53,1622.02,8,202.752500
14178,1505,191,1620.91,7,231.558571
17147,878,70,1619.67,5,323.934000
15172,1611,106,1619.04,5,323.808000
17101,815,28,1616.77,4,404.192500
14336,1759,77,1614.91,4,403.727500
17813,777,297,1614.31,6,269.051667
13627,1266,84,1614.04,6,269.006667
13425,1123,66,1613.68,3,537.893333
15549,688,104,1613.12,4,403.280000
15122,788,65,1609.62,4,402.405000
12635,1172,96,1608.12,2,804.060000
12371,591,63,1606.83,2,803.415000
14937,483,33,1606.11,4,401.527500
12868,928,72,1601.54,6,266.923333
15791,730,66,1596.04,3,532.013333
14970,250,24,1592.06,4,398.015000
16466,789,103,1591.54,7,227.362857
14719,1031,177,1590.22,6,265.036667
14918,675,39,1588.07,2,794.035000
14759,569,92,1586.99,3,528.996667
14312,1012,74,1583.64,6,263.940000
16332,793,125,1583.20,8,197.900000
12393,816,47,1582.60,4,395.650000
13850,941,93,1581.79,2,790.895000
16987,402,74,1578.73,7,225.532857
16992,857,85,1577.15,6,262.858333
14587,759,170,1576.16,10,157.616000
16902,629,43,1573.55,1,1573.550000
18178,979,80,1573.41,5,314.682000
18161,810,49,1569.07,6,261.511667
12377,944,72,1568.10,2,784.050000
12764,386,45,1565.88,1,1565.880000
15111,710,70,1562.46,3,520.820000
16638,1254,92,1557.73,11,141.611818
13313,851,47,1555.32,5,311.064000
17085,784,116,1555.05,6,259.175000
14038,963,64,1554.48,4,388.620000
13634,704,156,1553.08,5,310.616000
16889,925,112,1550.75,3,516.916667
18239,795,80,1550.57,5,310.114000
16398,745,75,1550.43,3,516.810000
16496,1091,92,1548.42,4,387.105000
15660,1037,55,1546.49,10,154.649000
15117,1947,63,1543.47,6,257.245000
16369,1035,91,1541.11,3,513.703333
13186,804,69,1539.69,4,384.922500
12877,1178,100,1535.77,12,127.980833
15365,758,66,1535.26,8,191.907500
14441,430,45,1527.25,5,305.450000
12348,2341,22,1527.15,4,381.787500
13849,1016,97,1526.51,2,763.255000
14321,2406,111,1525.79,5,305.158000
13107,1288,54,1524.07,5,304.814000
16244,855,88,1522.75,2,761.375000
14704,1082,288,1521.45,9,169.050000
16365,504,45,1521.23,9,169.025556
17159,1110,96,1520.93,4,380.232500
12669,1114,98,1520.67,4,380.167500
13814,862,37,1520.36,3,506.786667
16790,892,88,1520.12,7,217.160000
12381,783,70,1520.07,6,253.345000
17837,515,110,1516.55,9,168.505556
13764,932,183,1516.24,3,505.413333
16748,880,42,1515.90,5,303.180000
16066,936,77,1511.83,5,302.366000
13614,570,171,1511.13,4,377.782500
16283,1222,117,1510.63,6,251.771667
15701,923,193,1508.94,4,377.235000
15392,1265,74,1508.77,5,301.754000
15625,1166,44,1504.56,5,300.912000
17152,477,9,1503.50,4,375.875000
16880,753,121,1501.51,7,214.501429
12937,1007,81,1501.51,4,375.377500
15611,498,23,1500.74,14,107.195714
12865,877,87,1498.53,3,499.510000
16279,1052,104,1496.68,4,374.170000
16434,767,88,1495.46,7,213.637143
13320,1066,77,1491.70,5,298.340000
14567,410,33,1491.34,3,497.113333
15530,950,90,1491.31,4,372.827500
15620,899,92,1491.14,4,372.785000
16910,886,318,1491.10,8,186.387500
13213,1357,82,1488.51,6,248.085000
14963,1176,149,1487.80,5,297.560000
16676,631,75,1487.76,5,297.552000
17553,1048,2,1487.60,1,1487.600000
12398,1394,85,1485.61,1,1485.610000
14414,2509,79,1485.13,8,185.641250
16755,1058,134,1484.63,4,371.157500
16395,1476,150,1484.14,5,296.828000
14878,802,62,1482.78,9,164.753333
16053,1793,81,1481.63,2,740.815000
13397,429,28,1481.46,6,246.910000
17997,2078,134,1480.10,9,164.455556
15906,538,114,1479.11,8,184.888750
14573,538,127,1478.60,10,147.860000
15265,612,76,1477.08,2,738.540000
15532,508,205,1473.94,5,294.788000
15983,892,82,1472.97,4,368.242500
16016,618,156,1472.63,9,163.625556
12405,857,54,1470.31,1,1470.310000
14246,804,57,1468.54,3,489.513333
12826,1054,58,1468.12,8,183.515000
15427,1013,233,1468.08,3,489.360000
17571,905,247,1465.32,4,366.330000
15473,552,4,1465.20,8,183.150000
12882,246,12,1463.04,2,731.520000
14541,647,71,1459.73,8,182.466250
12759,902,81,1458.25,3,486.083333
16059,643,126,1457.10,6,242.850000
13309,1544,82,1456.79,5,291.358000
15916,752,125,1452.69,9,161.410000
17002,678,41,1452.34,4,363.085000
12530,900,51,1451.70,5,290.340000
13659,879,93,1449.92,3,483.306667
15987,1556,110,1448.77,7,206.967143
17590,828,162,1448.74,3,482.913333
14233,671,30,1447.51,5,289.502000
13461,1170,14,1445.00,3,481.666667
18016,1029,90,1441.53,5,288.306000
16762,618,51,1441.46,3,480.486667
17073,759,142,1436.05,4,359.012500
13692,1224,49,1434.99,4,358.747500
16817,762,76,1433.96,10,143.396000
14566,800,4,1432.00,1,1432.000000
15478,585,34,1431.38,2,715.690000
14442,475,59,1430.54,3,476.846667
16103,558,30,1429.64,6,238.273333
14591,1297,138,1427.70,4,356.925000
16996,534,14,1427.46,7,203.922857
14229,590,29,1426.00,4,356.500000
14035,739,41,1423.01,5,284.602000
17063,763,66,1419.95,8,177.493750
16271,1037,90,1418.28,6,236.380000
13110,384,109,1416.87,8,177.108750
15858,1167,145,1416.77,5,283.354000
13477,1018,57,1416.69,7,202.384286
15444,764,191,1415.50,2,707.750000
15128,1326,76,1414.02,5,282.804000
16394,2317,61,1412.06,6,235.343333
13475,1012,64,1411.86,4,352.965000
13717,1958,92,1407.30,7,201.042857
12349,631,73,1406.95,1,1406.950000
17083,772,24,1405.78,3,468.593333
17004,819,38,1405.41,2,702.705000
15237,1071,94,1405.36,4,351.340000
17288,1203,118,1401.89,7,200.270000
15426,663,222,1401.84,6,233.640000
14649,1018,148,1401.29,4,350.322500
12783,622,76,1400.80,7,200.114286
14741,841,35,1400.34,6,233.390000
15057,668,25,1400.22,2,700.110000
14404,831,70,1400.16,7,200.022857
16503,567,71,1399.23,5,279.846000
16173,571,70,1399.10,7,199.871429
18116,848,230,1398.71,8,174.838750
12947,1157,83,1395.37,7,199.338571
15106,1144,90,1395.25,6,232.541667
17354,1006,15,1393.06,1,1393.060000
14019,1034,37,1392.28,4,348.070000
15051,1011,130,1391.61,3,463.870000
13414,1574,23,1390.50,3,463.500000
16539,477,36,1388.81,4,347.202500
15134,887,44,1387.99,8,173.498750
14758,419,54,1386.96,4,346.740000
17856,826,12,1386.02,5,277.204000
14740,729,85,1385.17,4,346.292500
16463,1135,74,1383.70,5,276.740000
13995,867,55,1383.49,6,230.581667
17676,931,50,1383.27,7,197.610000
16726,977,121,1382.02,5,276.404000
13516,985,43,1381.89,3,460.630000
16012,799,87,1378.97,3,459.656667
16359,1154,39,1378.41,10,137.841000
15453,845,169,1377.89,7,196.841429
15898,568,70,1377.76,6,229.626667
16348,819,157,1377.65,7,196.807143
14443,931,86,1374.92,5,274.984000
15569,666,27,1372.95,5,274.590000
14113,635,26,1372.90,5,274.580000
14434,368,3,1372.80,6,228.800000
13159,1045,114,1371.72,5,274.344000
14116,707,61,1369.69,5,273.938000
13308,840,49,1366.84,4,341.710000
18202,581,55,1366.51,3,455.503333
17175,865,42,1364.71,5,272.942000
15095,1077,30,1362.19,5,272.438000
13572,534,32,1361.66,1,1361.660000
14901,659,73,1359.60,10,135.960000
17311,1005,55,1352.93,2,676.465000
12952,652,64,1352.24,5,270.448000
12770,743,12,1351.45,1,1351.450000
18167,359,25,1349.75,4,337.437500
14403,513,17,1349.03,5,269.806000
15116,648,37,1347.95,4,336.987500
16669,883,141,1347.28,4,336.820000
16079,864,18,1346.98,3,448.993333
16245,1008,80,1344.08,4,336.020000
16389,1230,33,1341.90,5,268.380000
17368,680,93,1341.49,9,149.054444
15596,548,51,1340.46,6,223.410000
13743,1775,8,1340.15,8,167.518750
17621,510,25,1339.94,4,334.985000
12646,897,43,1338.69,2,669.345000
12886,761,75,1337.79,3,445.930000
15411,528,86,1335.34,5,267.068000
17372,749,215,1335.20,8,166.900000
15398,767,60,1334.11,3,444.703333
15680,952,61,1333.68,3,444.560000
16110,733,283,1331.96,3,443.986667
14507,588,79,1330.86,7,190.122857
16045,897,71,1325.26,4,331.315000
16317,890,64,1325.09,3,441.696667
16493,1113,40,1324.70,5,264.940000
15734,346,25,1324.39,2,662.195000
12620,1181,89,1323.39,3,441.130000
14875,554,47,1322.94,3,440.980000
14859,669,47,1322.48,5,264.496000
13232,778,147,1321.84,7,188.834286
12352,470,59,1321.54,9,146.837778
17932,789,84,1320.53,3,440.176667
16083,908,31,1317.62,2,658.810000
14921,953,78,1316.07,2,658.035000
14897,468,43,1315.98,4,328.995000
18177,705,53,1314.17,7,187.738571
15563,1460,88,1314.17,5,262.834000
15146,1459,90,1313.25,3,437.750000
16295,841,70,1312.99,4,328.247500
14102,938,35,1312.22,6,218.703333
14748,1192,90,1311.79,6,218.631667
13501,557,52,1310.47,2,655.235000
12775,853,47,1309.21,6,218.201667
13328,680,17,1308.48,1,1308.480000
17204,589,47,1308.33,5,261.666000
14477,719,7,1307.81,5,261.562000
17919,756,23,1304.04,1,1304.040000
13012,671,68,1303.34,9,144.815556
13396,592,42,1302.00,3,434.000000
12919,668,34,1301.44,7,185.920000
15059,602,161,1299.42,10,129.942000
13168,680,102,1299.10,5,259.820000
17054,802,64,1298.82,6,216.470000
16040,684,57,1296.58,3,432.193333
16929,929,51,1295.39,7,185.055714
16120,866,26,1294.14,5,258.828000
15494,1148,120,1292.80,2,646.400000
16744,805,198,1290.32,7,184.331429
14047,377,22,1290.01,6,215.001667
14738,576,39,1289.94,8,161.242500
16224,1116,90,1287.58,4,321.895000
12854,622,97,1286.39,4,321.597500
16571,1176,73,1285.22,4,321.305000
14297,861,49,1284.06,5,256.812000
17095,613,70,1283.61,4,320.902500
15136,775,61,1282.45,5,256.490000
16899,522,80,1281.56,6,213.593333
13538,175,10,1280.85,7,182.978571
15813,603,40,1278.07,2,639.035000
12364,1506,70,1276.11,4,319.027500
16464,963,152,1275.51,3,425.170000
12576,964,72,1275.10,6,212.516667
17019,827,166,1269.85,4,317.462500
13492,408,38,1269.84,3,423.280000
15199,396,5,1268.70,4,317.175000
13813,550,54,1265.30,5,253.060000
14916,1132,72,1264.84,5,252.968000
17158,778,53,1264.21,3,421.403333
16688,804,52,1260.86,4,315.215000
17412,738,48,1258.06,7,179.722857
14071,900,271,1257.53,9,139.725556
12516,875,20,1255.99,2,627.995000
12372,794,34,1255.98,3,418.660000
13848,3700,3,1255.00,3,418.333333
13989,1313,33,1253.68,2,626.840000
17262,367,9,1253.36,5,250.672000
16370,647,143,1253.24,4,313.310000
17037,652,75,1253.22,2,626.610000
13431,672,44,1252.54,2,626.270000
14511,772,53,1252.40,6,208.733333
17802,743,105,1251.84,4,312.960000
13878,475,35,1251.55,1,1251.550000
17671,659,40,1251.36,5,250.272000
14669,775,158,1250.55,3,416.850000
15009,642,148,1249.85,3,416.616667
17481,1060,69,1249.34,5,249.868000
14105,798,74,1249.29,2,624.645000
17350,759,66,1246.15,5,249.230000
16101,738,76,1245.96,2,622.980000
16951,1306,73,1244.87,4,311.217500
15497,622,13,1244.34,3,414.780000
17633,630,60,1242.34,5,248.468000
12526,632,64,1242.04,3,414.013333
17588,676,19,1240.20,3,413.400000
14383,817,49,1239.41,3,413.136667
16842,692,45,1238.36,4,309.590000
17388,1068,13,1236.88,4,309.220000
14856,714,65,1236.42,3,412.140000
14698,615,148,1236.00,5,247.200000
12463,757,66,1234.03,5,246.806000
18080,642,2,1231.50,2,615.750000
14684,853,231,1231.32,5,246.264000
13931,721,56,1230.93,3,410.310000
14665,500,63,1230.54,6,205.090000
13860,589,58,1229.71,6,204.951667
14794,669,68,1228.88,8,153.610000
15910,1015,215,1226.91,8,153.363750
14267,461,25,1226.13,4,306.532500
14913,1743,76,1219.15,4,304.787500
12985,1413,73,1215.62,3,405.206667
15108,497,50,1215.49,5,243.098000
14893,799,72,1214.61,2,607.305000
15376,619,100,1213.12,3,404.373333
16531,915,68,1212.95,7,173.278571
13918,1140,30,1212.84,2,606.420000
17584,446,30,1211.62,3,403.873333
18263,1467,59,1211.08,4,302.770000
15841,926,36,1209.10,5,241.820000
12818,923,14,1208.11,2,604.055000
13208,786,124,1205.90,7,172.271429
12488,529,46,1205.03,3,401.676667
16794,933,142,1201.51,11,109.228182
13158,784,59,1201.06,4,300.265000
13491,903,73,1200.94,10,120.094000
17320,634,57,1200.62,3,400.206667
12689,628,57,1199.55,2,599.775000
13055,891,74,1199.20,4,299.800000
17800,736,51,1199.01,9,133.223333
17410,616,57,1198.04,5,239.608000
13211,874,45,1197.42,3,399.140000
15004,630,154,1194.90,1,1194.900000
12412,829,43,1192.83,3,397.610000
17774,511,124,1190.70,5,238.140000
12394,819,26,1190.37,2,595.185000
12611,846,65,1189.40,1,1189.400000
14064,1350,59,1188.32,6,198.053333
16612,506,48,1187.66,4,296.915000
15605,441,61,1185.51,5,237.102000
14898,1008,87,1177.76,7,168.251429
18171,477,43,1176.71,6,196.118333
17828,641,54,1174.87,5,234.974000
15306,810,57,1174.35,3,391.450000
17058,592,51,1172.73,3,390.910000
15145,756,54,1172.53,4,293.132500
16639,503,48,1169.38,4,292.345000
16800,540,148,1167.97,1,1167.970000
14745,1020,46,1167.16,6,194.526667
13564,659,68,1166.31,4,291.577500
14737,345,15,1164.55,3,388.183333
14447,571,54,1163.23,5,232.646000
14428,428,108,1161.63,6,193.605000
15621,463,11,1158.77,5,231.754000
16950,644,39,1158.72,3,386.240000
13611,762,67,1158.20,4,289.550000
17961,560,211,1157.47,39,29.678718
13744,1249,54,1156.36,2,578.180000
16653,723,67,1155.68,3,385.226667
16184,560,26,1155.54,7,165.077143
13151,361,73,1154.29,2,577.145000
17348,1401,180,1152.56,5,230.512000
12997,648,45,1152.19,5,230.438000
12676,670,33,1151.33,6,191.888333
14723,695,193,1148.58,6,191.430000
13499,1358,31,1146.96,6,191.160000
15630,799,57,1146.76,3,382.253333
13752,876,64,1146.51,6,191.085000
16766,536,17,1145.60,2,572.800000
14857,455,58,1144.13,3,381.376667
15227,750,43,1142.76,5,228.552000
13330,751,37,1139.97,3,379.990000
14487,734,112,1138.40,7,162.628571
16692,152,2,1135.99,2,567.995000
18125,803,164,1135.82,5,227.164000
17242,611,30,1135.04,2,567.520000
13819,1109,26,1134.83,3,378.276667
17505,556,48,1134.80,2,567.400000
16172,787,52,1134.69,5,226.938000
12885,654,66,1133.87,4,283.467500
16989,1233,7,1133.25,6,188.875000
17585,1671,176,1133.07,4,283.267500
18168,585,101,1132.02,7,161.717143
12769,356,32,1128.24,1,1128.240000
14824,525,19,1127.71,4,281.927500
16042,745,68,1126.49,6,187.748333
13772,546,141,1125.17,3,375.056667
17470,1675,67,1125.07,5,225.014000
13500,585,60,1123.97,4,280.992500
14129,592,31,1123.86,5,224.772000
17720,576,39,1123.34,4,280.835000
15436,613,243,1121.57,3,373.856667
13486,669,69,1119.65,3,373.216667
16086,510,24,1119.31,6,186.551667
15716,744,101,1118.81,4,279.702500
17788,211,3,1117.90,2,558.950000
15810,737,66,1117.59,5,223.518000
17302,573,68,1117.17,6,186.195000
17653,1401,44,1116.59,5,223.318000
16807,778,57,1116.58,3,372.193333
14261,406,52,1114.76,2,557.380000
13118,389,68,1109.99,6,184.998333
17894,405,127,1107.89,8,138.486250
15737,584,60,1107.72,9,123.080000
15933,885,63,1107.46,3,369.153333
17562,813,48,1107.38,8,138.422500
16833,440,46,1106.53,4,276.632500
15730,683,68,1105.62,4,276.405000
13064,516,51,1102.00,4,275.500000
13882,950,54,1101.26,6,183.543333
14971,644,144,1100.13,3,366.710000
13610,514,165,1099.71,8,137.463750
12857,343,37,1099.68,2,549.840000
14161,455,87,1099.63,3,366.543333
16049,793,248,1099.36,3,366.453333
15978,888,49,1098.78,1,1098.780000
13104,504,14,1098.48,6,183.080000
16350,542,41,1097.71,5,219.542000
13447,577,55,1097.57,4,274.392500
15069,520,70,1097.30,1,1097.300000
14708,615,25,1096.67,4,274.167500
16225,493,109,1096.32,5,219.264000
17966,2571,53,1095.92,5,219.184000
13652,578,48,1095.08,3,365.026667
17047,533,59,1092.87,3,364.290000
12507,894,19,1090.45,4,272.612500
15608,714,59,1088.72,4,272.180000
13591,485,56,1088.45,3,362.816667
15489,593,47,1087.27,4,271.817500
17609,721,199,1087.24,6,181.206667
18189,564,65,1084.34,3,361.446667
15602,1001,31,1083.87,10,108.387000
12399,1178,47,1083.60,4,270.900000
14744,625,21,1083.52,8,135.440000
16270,688,54,1083.04,1,1083.040000
13310,575,65,1082.67,4,270.667500
12630,548,60,1081.10,2,540.550000
13521,736,313,1080.97,3,360.323333
14561,1014,67,1080.76,3,360.253333
13726,1054,39,1079.66,2,539.830000
16980,788,71,1078.96,2,539.480000
16563,486,19,1077.74,1,1077.740000
17770,365,33,1077.03,5,215.406000
13467,584,89,1075.99,2,537.995000
12710,849,75,1074.50,4,268.625000
12494,690,63,1071.43,8,133.928750
13761,642,68,1070.65,2,535.325000
14212,1152,9,1070.48,1,1070.480000
15500,572,64,1067.60,4,266.900000
13635,677,62,1067.11,1,1067.110000
14948,661,56,1066.57,7,152.367143
17041,947,59,1065.77,4,266.442500
17277,430,67,1065.35,2,532.675000
17522,1034,59,1065.19,5,213.038000
15745,412,57,1064.20,5,212.840000
16200,523,149,1064.19,2,532.095000
15712,486,41,1064.08,5,212.816000
14154,465,52,1060.29,2,530.145000
15088,457,53,1059.74,3,353.246667
14419,487,112,1058.06,6,176.343333
16062,800,50,1055.08,4,263.770000
12609,648,57,1054.76,3,351.586667
13715,555,89,1053.94,6,175.656667
12842,547,34,1052.70,2,526.350000
12354,530,58,1052.60,1,1052.600000
14465,405,107,1050.90,3,350.300000
12849,623,47,1050.89,2,525.445000
14514,589,65,1050.39,3,350.130000
12640,311,47,1049.69,3,349.896667
12657,654,35,1049.34,5,209.868000
15977,1016,48,1047.77,2,523.885000
13791,828,7,1047.68,3,349.226667
12546,617,59,1047.53,3,349.176667
16637,891,66,1046.71,5,209.342000
14293,709,51,1046.56,4,261.640000
14583,792,243,1044.77,5,208.954000
16728,677,218,1044.38,4,261.095000
17042,994,74,1044.38,5,208.876000
14352,538,44,1044.38,4,261.095000
15192,918,36,1044.32,3,348.106667
14078,310,46,1043.85,6,173.975000
14488,793,46,1043.51,2,521.755000
15801,562,61,1041.78,4,260.445000
13131,443,30,1039.30,4,259.825000
16918,708,97,1037.82,7,148.260000
15985,836,29,1037.42,3,345.806667
14446,933,233,1037.07,4,259.267500
18130,817,58,1036.32,4,259.080000
17727,639,66,1036.12,2,518.060000
12951,500,54,1035.11,7,147.872857
15171,190,5,1034.50,2,517.250000
16520,557,129,1033.35,4,258.337500
13639,800,39,1033.34,1,1033.340000
16320,732,56,1032.94,2,516.470000
13253,1572,35,1030.40,2,515.200000
14817,655,52,1030.32,2,515.160000
17033,750,24,1030.14,3,343.380000
15333,344,16,1028.56,1,1028.560000
16682,1040,15,1028.00,5,205.600000
12534,651,63,1026.64,1,1026.640000
14904,1985,66,1025.44,2,512.720000
18221,789,59,1025.03,6,170.838333
13719,609,56,1021.71,5,204.342000
13165,1376,40,1021.48,2,510.740000
15839,670,56,1020.74,4,255.185000
14276,723,52,1019.39,4,254.847500
16094,633,48,1019.35,5,203.870000
15027,563,30,1017.19,5,203.438000
16175,533,45,1016.63,4,254.157500
18142,1273,9,1014.90,3,338.300000
12716,708,60,1013.44,2,506.720000
15777,375,18,1013.33,5,202.666000
17197,191,29,1013.01,1,1013.010000
12936,539,56,1012.90,5,202.580000
14775,1174,57,1011.90,3,337.300000
12828,494,46,1011.75,6,168.625000
14083,732,162,1011.47,9,112.385556
16533,514,112,1010.88,4,252.720000
16160,1153,20,1009.45,3,336.483333
13282,289,30,1008.16,4,252.040000
13235,440,54,1007.16,2,503.580000
14631,622,38,1006.98,3,335.660000
12514,440,51,1006.64,1,1006.640000
13728,458,38,1005.10,6,167.516667
13429,1390,55,1004.04,4,251.010000
12497,1236,14,1003.05,1,1003.050000
16416,655,60,1002.11,4,250.527500
13853,304,23,1001.90,2,500.950000
15996,382,103,1001.90,7,143.128571
16214,420,36,1001.79,3,333.930000
13867,513,51,1001.49,3,333.830000
18143,570,59,1000.16,2,500.080000
13956,491,123,998.18,5,199.636000
17287,559,88,997.51,7,142.501429
15434,638,40,997.48,6,166.246667
14389,702,34,997.21,3,332.403333
16229,318,46,995.54,2,497.770000
17594,550,42,993.18,2,496.590000
16009,378,68,992.71,4,248.177500
17126,790,189,991.85,6,165.308333
16174,651,19,991.43,3,330.476667
14584,379,68,990.48,5,198.096000
16260,311,18,990.27,1,990.270000
17724,289,38,990.13,4,247.532500
17135,1224,34,989.71,7,141.387143
17646,320,46,989.06,4,247.265000
13410,513,15,988.91,6,164.818333
12358,248,13,988.00,2,494.000000
14224,514,105,987.96,4,246.990000
15062,763,47,987.86,4,246.965000
12691,394,21,987.74,6,164.623333
15706,305,50,987.19,5,197.438000
12679,530,45,986.58,5,197.316000
14540,421,64,985.97,3,328.656667
14411,196,14,983.64,1,983.640000
15329,476,52,983.42,4,245.855000
12724,445,47,983.35,4,245.837500
16232,547,24,983.23,5,196.646000
15133,680,27,982.42,3,327.473333
14138,610,40,982.38,2,491.190000
15071,269,25,982.07,2,491.035000
18237,622,40,981.58,5,196.316000
14214,748,64,980.79,6,163.465000
17951,610,18,979.80,4,244.950000
15506,848,121,979.26,3,326.420000
16085,636,123,978.75,5,195.750000
15508,440,78,978.19,6,163.031667
15132,679,49,977.93,5,195.586000
17096,332,46,977.80,5,195.560000
13032,367,55,975.44,3,325.146667
12967,243,21,975.19,3,325.063333
13509,1106,27,974.71,7,139.244286
14522,525,15,974.54,4,243.635000
17100,800,65,971.74,2,485.870000
15747,480,52,971.53,3,323.843333
16188,782,65,971.38,4,242.845000
15449,810,47,971.22,4,242.805000
16572,530,40,970.98,4,242.745000
17144,483,42,969.89,2,484.945000
18170,409,29,969.27,3,323.090000
13455,345,42,968.71,3,322.903333
12599,956,32,968.50,7,138.357143
12446,352,58,967.55,1,967.550000
16376,689,104,965.60,3,321.866667
13476,414,56,965.28,3,321.760000
17324,844,43,965.18,4,241.295000
13138,473,31,962.39,6,160.398333
15763,268,58,961.52,3,320.506667
15907,509,175,959.98,3,319.993333
13155,497,67,959.08,4,239.770000
13117,945,66,958.95,8,119.868750
14223,583,50,958.67,4,239.667500
12642,552,39,958.24,3,319.413333
14920,509,57,958.13,2,479.065000
13823,439,39,957.66,2,478.830000
12462,514,51,956.40,3,318.800000
14006,641,22,956.23,3,318.743333
15948,567,51,955.24,2,477.620000
17244,616,31,954.90,1,954.900000
17214,275,79,953.76,7,136.251429
16907,298,89,953.72,5,190.744000
14195,702,7,951.66,3,317.220000
17405,705,77,951.21,4,237.802500
15421,500,40,950.36,4,237.590000
18192,339,45,949.69,1,949.690000
15793,552,6,948.96,4,237.240000
15681,556,32,946.36,6,157.726667
13261,210,8,944.10,2,472.050000
15707,605,126,942.82,4,235.705000
12820,722,55,942.34,4,235.585000
14075,754,33,942.26,3,314.086667
16511,417,135,941.98,3,313.993333
15238,689,49,941.53,4,235.382500
14346,605,55,941.05,2,470.525000
15787,540,156,940.52,3,313.506667
17227,741,28,939.32,6,156.553333
15860,440,105,936.45,8,117.056250
13026,1586,34,936.15,6,156.025000
16934,399,59,935.97,2,467.985000
15576,404,43,935.71,1,935.710000
15289,996,43,935.10,4,233.775000
15156,597,51,933.81,3,311.270000
17289,519,86,933.65,4,233.412500
13655,605,52,932.01,2,466.005000
14256,410,51,930.10,3,310.033333
16419,435,36,929.37,7,132.767143
15201,962,38,927.84,6,154.640000
12924,480,22,927.19,5,185.438000
12572,450,53,926.18,3,308.726667
14532,284,45,925.89,4,231.472500
16657,1229,158,925.84,4,231.460000
15464,350,155,925.37,1,925.370000
13805,1900,10,924.60,2,462.300000
13748,439,24,924.53,5,184.906000
15104,635,66,922.50,3,307.500000
13122,585,54,922.39,2,461.195000
16551,970,26,922.12,3,307.373333
15312,513,42,921.10,5,184.220000
13075,485,22,919.61,1,919.610000
12822,548,41,918.98,3,306.326667
15658,232,40,918.58,6,153.096667
15835,439,47,918.33,4,229.582500
15654,475,15,917.52,2,458.760000
14015,378,20,917.34,1,917.340000
14140,809,60,917.29,3,305.763333
13934,390,31,916.58,1,916.580000
13636,586,57,915.64,6,152.606667
17097,457,153,915.45,9,101.716667
15253,864,52,915.30,6,152.550000
15587,312,3,913.68,4,228.420000
15364,493,29,913.19,2,456.595000
16809,651,79,912.74,6,152.123333
13363,710,47,912.48,2,456.240000
13192,595,57,911.94,2,455.970000
14712,315,21,911.55,3,303.850000
13689,512,6,910.00,1,910.000000
17552,708,45,909.96,5,181.992000
17323,770,125,908.99,8,113.623750
13038,360,24,908.46,3,302.820000
16584,635,25,908.03,3,302.676667
17236,474,88,907.65,6,151.275000
16714,608,77,906.52,4,226.630000
17018,176,15,905.04,2,452.520000
17044,487,8,904.39,2,452.195000
15807,430,48,903.90,3,301.300000
13782,371,96,902.61,6,150.435000
13549,457,37,902.32,8,112.790000
14449,757,201,902.08,4,225.520000
18096,825,157,900.92,3,300.306667
14289,292,33,900.22,6,150.036667
14629,376,133,897.84,3,299.280000
17537,700,74,897.62,2,448.810000
18194,448,7,896.00,2,448.000000
13376,493,45,894.21,3,298.070000
12994,440,52,893.94,4,223.485000
12722,560,50,893.56,5,178.712000
14081,593,126,893.51,3,297.836667
12815,379,38,891.33,2,445.665000
12545,523,42,889.57,2,444.785000
17829,496,30,889.24,1,889.240000
17566,518,113,888.72,2,444.360000
13035,627,23,886.63,3,295.543333
12541,680,46,886.11,3,295.370000
13515,681,50,885.60,4,221.400000
15822,375,28,885.47,2,442.735000
15255,489,47,885.33,1,885.330000
14931,416,30,884.66,6,147.443333
17704,343,27,883.27,2,441.635000
14597,577,45,883.15,2,441.575000
18236,403,42,882.24,6,147.040000
14240,418,37,880.42,2,440.210000
15799,955,94,878.62,3,292.873333
15511,271,117,878.41,5,175.682000
13037,431,44,878.31,3,292.770000
17886,481,93,877.66,3,292.553333
15653,1200,4,877.44,2,438.720000
17848,398,41,876.36,9,97.373333
14141,337,28,876.27,5,175.254000
16361,421,87,875.21,4,218.802500
15022,543,96,875.08,4,218.770000
12550,569,57,874.78,1,874.780000
13566,575,134,874.71,2,437.355000
16513,407,33,874.59,4,218.647500
12510,353,29,874.51,2,437.255000
15480,303,45,874.26,1,874.260000
17618,331,56,874.14,3,291.380000
13294,453,48,873.74,2,436.870000
12464,112,6,871.84,8,108.980000
12847,909,72,871.54,1,871.540000
17527,463,45,871.14,5,174.228000
14359,363,44,870.35,4,217.587500
13979,639,54,869.87,1,869.870000
14332,481,22,866.31,3,288.770000
16567,996,34,865.60,2,432.800000
16121,586,170,864.35,2,432.175000
14623,417,108,863.83,6,143.971667
17048,474,41,863.36,4,215.840000
12739,486,38,863.13,2,431.565000
13200,516,42,860.65,4,215.162500
12794,592,43,860.41,2,430.205000
17007,587,50,859.99,7,122.855714
14770,490,49,859.86,2,429.930000
17109,573,107,859.76,7,122.822857
14577,353,86,859.71,4,214.927500
15407,558,142,858.44,4,214.610000
14715,521,60,857.91,4,214.477500
14912,970,22,857.86,3,285.953333
16347,353,61,857.63,2,428.815000
15211,240,52,857.58,2,428.790000
16900,723,79,856.87,4,214.217500
16221,717,90,853.82,3,284.606667
15208,314,25,853.70,6,142.283333
14193,445,35,853.39,2,426.695000
15076,571,49,852.97,1,852.970000
16070,457,32,852.15,2,426.075000
13991,996,58,850.63,7,121.518571
17560,651,22,849.43,5,169.886000
17027,415,110,848.59,7,121.227143
12652,502,48,848.54,2,424.270000
17649,398,52,846.50,2,423.250000
16020,487,42,845.99,3,281.996667
14625,330,52,845.72,3,281.906667
13662,538,50,845.72,4,211.430000
15965,453,88,845.64,4,211.410000
12940,406,88,845.06,3,281.686667
17731,392,54,843.40,5,168.680000
16877,463,111,841.80,6,140.300000
12878,536,38,841.64,3,280.546667
17624,554,49,840.97,2,420.485000
13846,383,56,840.95,4,210.237500
13203,800,56,839.50,4,209.875000
13940,516,39,839.14,4,209.785000
14344,477,56,837.89,8,104.736250
14862,772,47,837.28,2,418.640000
17064,318,53,837.27,3,279.090000
16266,398,44,837.05,7,119.578571
15832,465,54,836.79,1,836.790000
15164,360,79,835.33,3,278.443333
16222,365,120,834.80,1,834.800000
17929,107,4,834.50,5,166.900000
16644,826,62,833.78,2,416.890000
13339,326,54,832.55,1,832.550000
17759,708,82,832.48,3,277.493333
12717,505,49,830.99,3,276.996667
12680,443,33,830.77,4,207.692500
13681,360,37,827.83,4,206.957500
13221,244,62,827.65,2,413.825000
13835,442,48,827.61,4,206.902500
14657,465,103,827.39,5,165.478000
12458,506,35,827.36,2,413.680000
16235,328,42,827.16,6,137.860000
16747,577,34,826.96,3,275.653333
16494,675,47,826.53,1,826.530000
17921,430,114,826.52,4,206.630000
14803,370,35,826.47,3,275.490000
13810,311,32,825.71,4,206.427500
12379,406,39,825.24,3,275.080000
16284,544,87,823.97,2,411.985000
14231,402,47,819.30,4,204.825000
15862,585,142,818.60,4,204.650000
17169,519,51,816.88,3,272.293333
13350,284,36,816.83,3,272.276667
16108,599,48,816.10,2,408.050000
15649,192,1,816.00,2,408.000000
15399,611,45,815.77,3,271.923333
13893,190,21,815.58,1,815.580000
14499,501,146,815.32,3,271.773333
16460,879,128,814.72,3,271.573333
18064,384,7,814.00,2,407.000000
16600,1145,50,813.52,6,135.586667
14421,365,25,813.11,2,406.555000
15644,557,166,813.00,4,203.250000
12713,508,38,812.76,1,812.760000
13280,522,67,811.98,3,270.660000
17764,395,71,811.86,2,405.930000
17980,682,23,811.45,3,270.483333
16276,420,6,810.60,1,810.600000
16660,451,16,810.45,5,162.090000
15865,368,37,807.79,3,269.263333
13637,409,79,804.98,3,268.326667
16624,488,44,804.61,2,402.305000
16367,647,123,804.49,2,402.245000
17076,295,17,803.99,3,267.996667
16869,581,113,802.86,5,160.572000
13929,139,8,802.85,3,267.616667
17075,289,62,802.85,5,160.570000
15079,388,47,801.78,5,160.356000
15952,399,65,801.05,4,200.262500
14475,428,36,799.82,4,199.955000
17703,590,47,798.74,3,266.246667
17115,368,33,798.62,4,199.655000
16949,790,57,798.47,7,114.067143
16438,463,74,798.35,5,159.670000
16891,283,166,797.72,5,159.544000
13720,501,42,794.89,4,198.722500
15525,414,133,793.38,4,198.345000
16560,498,53,793.10,3,264.366667
13336,559,51,792.61,1,792.610000
16164,432,27,792.57,4,198.142500
12772,556,55,791.88,1,791.880000
15110,240,17,790.49,5,158.098000
12694,509,32,789.21,2,394.605000
12697,499,37,788.97,4,197.242500
16801,313,72,788.67,5,157.734000
13323,175,6,787.85,5,157.570000
17905,407,33,787.52,4,196.880000
13389,429,50,787.43,3,262.476667
13167,785,51,785.81,4,196.452500
16943,145,23,785.79,3,261.930000
15806,602,24,784.58,3,261.526667
15990,443,52,783.83,2,391.915000
17341,489,147,781.36,3,260.453333
15679,1170,98,781.28,4,195.320000
13583,725,53,781.03,1,781.030000
13220,196,18,780.65,4,195.162500
17387,542,71,778.59,2,389.295000
13884,297,45,778.54,6,129.756667
14815,744,53,778.50,2,389.250000
16806,378,68,778.49,4,194.622500
17414,2100,5,778.00,2,389.000000
18265,311,44,777.69,2,388.845000
16505,576,4,777.60,1,777.600000
17006,272,37,776.77,4,194.192500
15743,216,59,776.18,4,194.045000
17797,498,102,775.47,3,258.490000
14234,963,122,775.46,4,193.865000
17180,680,91,774.86,5,154.972000
16092,602,37,773.84,4,193.460000
12728,419,38,773.11,4,193.277500
16054,380,70,771.98,1,771.980000
12425,496,36,771.68,1,771.680000
14662,602,143,771.17,4,192.792500
15414,443,37,769.89,3,256.630000
18228,236,23,769.20,3,256.400000
12693,250,35,766.88,5,153.376000
13109,514,41,766.84,3,255.613333
14550,394,38,765.62,2,382.810000
17695,779,30,765.34,2,382.670000
14885,724,15,765.32,1,765.320000
16825,566,27,765.26,2,382.630000
12434,373,49,765.19,3,255.063333
16027,1146,12,764.66,7,109.237143
15239,591,48,764.34,3,254.780000
17268,844,3,763.64,4,190.910000
12965,283,108,763.63,1,763.630000
15075,447,27,763.05,1,763.050000
14672,454,58,762.79,2,381.395000
13375,441,37,762.11,2,381.055000
18136,373,34,761.83,4,190.457500
16205,517,73,761.38,4,190.345000
16759,608,40,760.92,4,190.230000
13341,301,42,760.25,1,760.250000
16725,293,110,760.19,8,95.023750
13707,351,48,760.05,2,380.025000
13016,527,39,759.29,3,253.096667
17425,407,42,759.17,2,379.585000
15599,718,50,758.98,2,379.490000
16036,716,55,758.92,2,379.460000
16470,530,120,757.44,5,151.488000
14883,789,39,756.64,7,108.091429
12778,824,40,755.44,7,107.920000
16037,428,37,755.18,3,251.726667
18104,362,38,754.64,1,754.640000
17461,799,104,752.50,3,250.833333
13030,394,76,752.50,2,376.250000
16480,455,51,752.35,1,752.350000
15066,279,42,752.31,2,376.155000
12701,678,50,751.75,2,375.875000
14412,784,43,750.79,3,250.263333
17411,298,41,748.94,4,187.235000
15074,455,41,748.87,1,748.870000
15618,428,39,747.03,5,149.406000
14050,689,49,746.36,2,373.180000
14923,418,44,746.34,1,746.340000
12628,445,34,745.58,4,186.395000
14790,699,30,745.06,4,186.265000
15353,343,59,744.74,2,372.370000
15568,461,27,744.37,3,248.123333
13730,488,38,744.32,2,372.160000
13354,604,51,743.53,1,743.530000
16216,254,37,742.44,1,742.440000
16621,302,22,742.28,4,185.570000
13753,512,35,741.26,1,741.260000
17974,519,143,740.79,3,246.930000
15252,522,44,740.78,2,370.390000
13212,309,128,740.52,4,185.130000
16924,480,69,739.50,4,184.875000
14976,230,47,739.33,8,92.416250
12976,561,22,738.60,1,738.600000
15656,343,46,737.71,4,184.427500
17516,416,113,737.68,5,147.536000
16043,503,30,736.68,4,184.170000
15581,286,134,736.09,14,52.577857
16261,306,98,735.91,4,183.977500
17979,395,116,735.05,5,147.010000
16146,427,26,734.13,3,244.710000
17692,666,34,733.44,5,146.688000
13900,430,42,733.23,3,244.410000
16256,577,13,732.63,2,366.315000
16099,434,29,731.90,3,243.966667
14778,306,34,730.86,2,365.430000
13575,449,41,730.43,5,146.086000
17034,406,28,729.56,4,182.390000
13077,863,99,729.27,4,182.317500
13356,325,42,729.01,1,729.010000
13329,427,16,728.88,3,242.960000
18156,301,100,728.46,2,364.230000
15636,284,20,724.76,2,362.380000
14644,252,26,723.74,3,241.246667
16491,478,39,723.66,1,723.660000
18248,501,39,723.10,3,241.033333
17666,596,14,722.64,2,361.320000
17521,518,38,721.96,4,180.490000
14756,416,38,721.72,1,721.720000
14055,216,10,721.72,1,721.720000
17114,210,85,721.69,9,80.187778
15533,256,73,721.08,4,180.270000
12735,368,38,718.68,2,359.340000
