StockCode,TOTAL_REVENUE,BASKETS,DISTINCT_CUSTOMERS,QUANTITY_PER_CUSTOMER
22423,129809.63,1993,888,14.62
85123A,99846.98,2271,859,45.54
47566,96093.38,1687,709,25.42
85099B,92356.03,2093,637,74.35
23084,66756.59,1011,451,67.95
22086,63791.94,1161,616,30.69
84879,58959.73,1457,680,53.27
79321,52363.99,668,206,50.21
22197,50987.47,1393,408,138.36
23298,42206.42,1148,574,14.87
22386,41619.66,1219,373,56.32
23203,40991.38,1233,506,39.55
21137,40596.96,377,141,82.38
22720,37015.56,1390,641,11.37
22960,36116.09,1134,575,14.73
23284,35621.11,733,379,13.89
82484,35278.71,686,286,20.97
20725,35187.31,1566,533,35.61
22114,32692.49,648,326,17.15
22178,32554.33,1038,404,59.04
85099F,32354.04,828,318,50.57
22910,31941.89,821,471,21.77
22469,31899.85,1204,574,30.99
22112,30765.43,859,384,15.36
23245,30474.85,874,473,13.25
22727,30423.62,1052,392,19.75
21931,30167.79,1185,335,39.76
POST,29963.84,1131,380,16.72
22470,29949.91,929,488,20.14
23199,29166.40,979,345,41.15
22355,29164.36,884,250,72.01
23355,28141.09,783,475,12.09
22411,28012.48,1176,376,32.57
22457,27995.36,1250,591,15.43
22699,27944.92,1067,428,22.06
85099C,27581.32,934,307,44.43
22726,27036.81,983,324,19.70
23201,26814.15,907,397,32.20
20685,26728.50,698,330,12.20
21915,26247.83,663,351,62.87
84347,26142.23,450,194,0.52
22666,25819.55,1118,474,17.19
22629,25647.77,901,323,43.98
84946,25516.67,906,418,45.24
22961,25235.23,1163,539,29.83
21181,25120.88,853,362,34.74
48138,24914.92,617,315,11.90
22722,24365.66,837,394,15.05
22326,24317.67,733,282,30.21
48187,23947.54,601,316,12.11
22138,23822.22,935,586,8.33
23173,23655.02,417,249,10.92
21731,23651.68,850,267,51.77
22189,23431.87,525,275,30.12
23344,23328.79,717,392,25.62
21175,23298.74,811,344,29.58
22111,23249.00,772,428,10.60
21621,23139.26,480,268,8.70
21733,23075.79,742,386,20.27
23243,22875.82,471,276,16.99
21623,22839.00,222,141,23.18
15056N,22831.52,541,185,21.75
21929,22794.07,866,309,34.90
20713,22599.53,669,208,44.03
22090,22594.56,800,326,23.06
82482,22531.71,1101,412,21.29
22139,22521.49,968,490,9.30
22697,22433.25,1016,391,18.31
22383,22318.64,1286,436,28.45
84997D,22279.26,547,250,21.58
20727,22219.01,1274,459,26.39
84029E,21866.55,433,229,20.35
20712,21665.96,864,249,38.29
20724,21606.48,1035,336,52.23
20728,21423.13,1151,482,24.07
23202,21410.35,881,378,28.62
23209,21384.37,1100,470,28.19
48194,21345.48,594,287,11.91
22630,21156.49,851,289,39.85
21212,21059.72,1321,637,56.58
82494L,20941.44,977,393,16.72
23206,20814.83,1037,402,30.16
21166,20796.54,725,288,35.25
21928,20670.02,807,265,38.51
21523,20633.99,503,204,15.89
22728,20548.40,784,293,18.17
22659,20272.70,708,215,52.10
21479,19958.52,501,255,17.59
84997B,18955.69,438,203,22.38
22969,18602.75,647,430,28.82
22467,18552.97,685,264,29.84
48185,18472.03,367,144,20.04
20726,18188.48,1019,374,26.34
20914,18089.35,881,361,17.35
15036,18064.16,520,195,115.65
22382,17850.01,1158,492,20.95
22693,17837.45,306,168,96.26
22865,17651.98,657,376,22.25
82486,17620.40,606,237,8.78
21485,17478.69,624,373,9.42
85066,17451.87,520,292,6.00
22328,17438.87,582,229,27.03
71477,17214.94,321,161,34.39
22384,17198.99,1091,446,23.24
22698,17164.26,768,322,17.47
22077,17149.27,956,414,22.10
82583,16913.60,618,207,34.98
22385,16866.72,689,248,34.54
84997C,16840.16,399,203,16.36
23240,16830.82,537,324,12.77
22492,16810.42,381,214,123.54
21754,16727.72,778,361,7.65
20719,16672.35,836,239,55.22
22993,16422.23,1074,432,29.18
21843,16392.39,541,263,6.19
84978,16270.94,729,305,40.45
23301,16188.15,914,406,21.46
22835,16143.56,658,318,9.69
84029G,16106.04,461,213,16.85
15056B,15954.47,384,143,19.59
85152,15848.11,680,271,30.24
21232,15820.55,832,315,36.41
22624,15642.18,716,377,5.06
22379,15514.34,749,189,36.22
23313,15290.16,402,255,11.70
22084,15002.02,446,279,17.99
22900,14423.33,534,195,24.12
22866,14201.52,554,331,19.53
22501,14041.48,456,188,7.80
22507,14028.06,460,231,12.78
21930,14024.92,706,221,29.17
48184,14018.18,412,228,8.95
22083,13994.34,611,296,15.55
22867,13967.39,557,334,18.84
23200,13953.65,597,263,26.76
82483,13892.76,547,244,8.98
23077,13645.77,345,218,47.50
84077,13587.93,536,308,174.83
22551,13567.46,674,340,23.69
23343,13473.27,482,287,28.26
23356,13377.27,477,317,7.50
22554,13296.92,705,353,22.05
22558,13279.46,773,365,23.69
23328,13254.85,406,196,14.47
22625,13131.45,554,294,5.48
21524,12931.98,481,252,6.95
23108,12923.67,373,272,7.93
22752,12888.48,381,189,8.81
82600,12761.98,548,222,24.87
22622,12733.23,268,175,7.59
22941,12718.26,312,216,7.50
23207,12700.60,741,378,19.58
22113,12694.13,562,340,9.42
22499,12595.03,408,218,9.57
20723,12489.69,723,233,41.73
20750,12487.94,386,236,7.38
22188,12483.22,190,124,39.27
20749,12457.26,384,240,7.34
21790,12443.71,927,450,32.10
21755,12376.29,630,338,6.01
22171,12294.17,386,174,10.68
22427,12267.56,511,312,6.54
21977,12189.47,870,412,60.08
22607,12153.18,359,225,5.90
47590B,12042.67,404,239,9.44
23174,12005.53,323,193,15.38
22502,11911.26,470,176,10.64
22158,11873.13,305,202,16.43
48188,11844.78,288,165,12.48
21430,11784.42,478,189,15.87
22087,11669.43,331,156,25.46
23300,11584.09,759,352,18.96
21936,11513.99,532,224,17.55
21108,11477.86,263,161,44.12
22568,11411.32,473,246,11.85
23581,11388.27,339,231,21.27
22193,11363.56,461,208,6.63
21080,11304.91,987,428,30.83
22730,11284.65,571,243,11.69
22041,11260.81,362,74,58.59
21481,11225.27,491,256,12.60
22356,11218.76,744,221,42.78
22149,11215.58,552,338,16.12
21216,11100.33,431,151,14.02
22662,11062.53,683,313,21.43
20971,11059.33,523,278,30.16
22413,11051.69,413,229,16.41
85014B,11027.14,374,212,9.14
22776,10996.07,537,334,3.45
20711,10974.31,526,153,30.51
22692,10824.43,449,232,6.58
22988,10805.53,423,199,44.61
84997A,10762.67,326,144,18.51
71459,10753.01,441,227,59.37
22617,10550.90,467,301,-1.39
22734,10534.90,430,279,12.08
21791,10490.65,609,343,22.90
84755,10473.40,622,319,51.35
21891,10466.68,428,266,30.37
22570,10395.12,392,203,13.73
23208,10388.16,669,306,20.49
47590A,10359.96,391,229,8.59
21914,10298.56,604,308,25.46
84947,10258.98,348,179,48.46
21217,10237.44,345,170,6.35
22970,10191.15,318,181,24.04
48173C,10074.83,197,107,16.43
23170,10070.75,446,226,27.22
23582,10010.77,260,187,25.10
22633,10002.72,481,302,15.85
22621,9992.20,610,367,16.62
85048,9992.12,262,174,7.57
22556,9961.21,572,307,19.71
21218,9951.24,395,132,18.06
23076,9930.76,278,203,39.76
22619,9906.29,448,251,10.22
23171,9905.74,382,196,31.38
22555,9828.63,516,295,20.35
22690,9819.51,287,199,8.13
20679,9776.38,327,143,11.90
22791,9771.13,347,185,42.05
21559,9712.88,576,234,16.78
22766,9687.24,505,281,11.54
22560,9601.26,390,230,35.51
22144,9588.78,545,320,12.62
21314,9541.43,542,217,18.95
22569,9474.95,350,194,12.82
21340,9467.30,291,180,5.28
35970,9425.36,458,271,17.64
21174,9413.82,541,226,18.47
22952,9384.32,620,344,45.83
84375,9376.85,519,291,14.81
85150,9376.23,480,197,21.08
23175,9374.65,332,207,14.70
22169,9347.08,373,166,7.02
22561,9344.82,434,289,19.42
22978,9296.12,239,154,15.52
22749,9264.91,449,276,8.61
22456,9221.19,477,221,7.52
22966,9205.90,673,389,18.97
47566B,9199.52,471,194,-0.74
22992,9186.44,349,218,20.73
22191,9184.30,416,242,4.58
20972,9129.31,617,313,23.44
84991,9088.02,829,416,43.37
23319,9021.87,404,301,12.04
22771,9012.94,442,170,38.85
22759,9004.34,426,254,20.50
22654,9001.89,329,160,8.62
22729,8964.31,447,182,12.65
23439,8941.61,397,269,14.97
22632,8936.28,395,263,16.60
22989,8934.27,373,242,11.53
21889,8829.79,589,337,18.92
82582,8823.09,439,178,23.70
23318,8798.68,377,271,13.44
21155,8790.80,486,207,14.10
23322,8755.56,564,351,8.50
48116,8748.46,204,89,16.43
84945,8657.94,348,210,49.78
22847,8601.39,379,215,3.96
22652,8595.57,469,264,18.83
23080,8576.76,258,149,7.17
22273,8503.69,332,213,14.40
23493,8498.28,416,283,14.01
23078,8493.34,258,160,42.39
23082,8474.35,298,206,11.19
84378,8450.90,686,377,16.65
23321,8408.92,630,379,12.40
21213,8392.04,664,296,51.11
21484,8385.70,404,207,9.92
22424,8369.69,455,190,4.46
23256,8337.37,369,233,8.70
22844,8313.44,417,177,5.53
71053,8302.05,334,150,12.74
21210,8200.54,455,245,22.46
72741,8188.75,293,197,30.22
84970S,8148.70,604,272,33.52
22795,8125.35,370,171,6.97
23534,8081.25,261,160,8.63
84380,8062.71,689,326,17.58
21035,7999.85,395,152,15.81
22725,7978.88,429,175,11.05
22616,7972.76,514,196,134.26
21121,7913.85,380,239,27.36
23535,7910.20,216,136,9.76
21770,7909.08,389,264,6.19
22909,7855.34,611,369,23.65
22940,7854.50,322,242,7.83
22667,7840.40,466,234,11.87
22352,7832.92,483,186,16.54
22192,7801.17,367,181,5.10
21136,7784.64,372,260,17.03
23238,7759.96,275,151,12.23
22557,7732.54,567,317,14.81
22605,7732.26,300,183,4.23
21908,7701.82,469,221,16.95
22804,7680.20,476,254,10.67
23204,7603.60,584,200,38.95
22768,7591.26,261,187,4.45
22750,7540.58,414,248,8.12
22147,7523.29,483,288,18.31
22585,7505.39,396,242,25.57
84406B,7494.82,288,135,10.53
22173,7493.93,497,211,11.00
22367,7450.08,553,301,12.37
21231,7440.45,510,217,27.22
21668,7424.99,438,171,31.84
84836,7383.07,536,312,18.94
22381,7381.49,470,135,25.29
48111,7378.67,235,112,10.48
21955,7340.82,206,109,11.28
22741,7320.51,234,108,78.67
84030E,7314.81,376,199,8.10
23382,7292.43,221,137,13.56
21169,7291.14,452,193,22.47
84949,7230.09,291,167,27.17
22487,7145.11,430,279,2.72
22631,7143.02,398,169,21.60
22627,7085.94,366,195,4.31
21912,7062.70,398,202,8.87
22968,7045.28,193,119,6.33
23083,7040.48,247,163,11.47
22553,7038.07,562,284,14.82
22505,7035.56,312,188,7.74
23320,7034.59,334,261,10.17
22663,7031.83,451,172,19.82
21669,7020.99,426,168,30.98
23236,7010.84,328,204,12.14
DOT,6990.35,710,2,853.50
22637,6985.18,332,192,13.78
23293,6975.43,553,324,26.09
23543,6965.89,103,82,15.09
21094,6933.26,527,180,48.66
21165,6918.80,452,179,22.74
22333,6911.94,318,170,25.95
21259,6880.72,287,135,8.27
21326,6876.82,341,169,62.50
22294,6858.83,300,163,33.74
23254,6849.16,300,205,8.24
22834,6830.18,369,200,23.84
23215,6829.84,211,163,21.15
84970L,6820.35,508,235,26.61
22109,6814.26,298,102,15.78
23103,6813.16,366,232,17.47
23283,6789.33,235,147,6.83
22620,6776.56,485,261,18.72
85014A,6755.08,293,185,6.36
23297,6749.33,162,124,34.49
21787,6743.65,244,116,71.98
21672,6738.35,410,160,31.02
47591D,6728.59,497,253,12.42
22950,6719.35,186,157,31.11
22767,6714.37,219,155,4.77
21922,6704.88,209,114,7.89
22170,6699.15,266,143,7.34
23229,6698.82,257,188,9.88
22840,6662.52,272,195,4.59
23480,6658.54,216,144,12.37
84988,6653.85,512,210,34.76
22634,6648.93,223,157,4.62
23109,6639.33,269,179,12.88
82001S,6634.80,155,50,33.94
75049L,6623.78,206,72,95.64
21888,6610.79,383,212,7.65
23247,6597.39,310,232,9.31
20718,6570.05,576,238,19.92
23541,6567.76,154,98,9.08
22943,6555.63,213,134,9.84
22668,6553.42,346,163,13.07
21533,6552.60,340,214,6.21
22179,6549.54,290,100,9.38
22947,6537.84,139,82,9.09
22580,6508.78,248,131,9.59
84992,6493.19,616,326,40.58
22508,6462.13,297,180,8.76
23311,6449.95,345,247,9.62
22141,6440.69,458,257,10.82
23571,6436.61,257,196,14.59
21122,6434.79,345,216,24.45
23188,6427.97,334,208,16.63
23134,6424.47,40,30,39.10
22991,6422.89,275,186,17.07
20676,6413.56,449,187,27.03
22846,6378.62,279,159,4.02
22895,6332.25,285,164,12.54
23307,6331.19,630,367,32.63
21380,6313.41,291,139,15.59
21935,6296.96,531,122,27.80
23169,6291.99,317,204,6.06
22979,6284.42,382,226,17.73
20969,6256.86,306,158,10.59
23172,6206.61,306,161,23.41
22303,6182.40,262,157,17.50
22784,6148.22,302,195,6.16
23192,6137.34,346,225,15.69
21154,6094.76,452,176,21.72
21975,6081.85,602,290,42.31
21670,6045.04,377,160,26.18
47556B,6045.00,4,2,1915.50
21156,6017.00,359,204,15.35
22174,6013.43,321,105,30.85
22151,6010.33,333,176,81.02
17003,6006.42,240,137,168.27
23312,5964.15,215,169,8.42
23296,5954.30,379,244,20.30
21871,5940.27,358,136,35.07
21535,5930.81,345,206,11.91
21673,5927.80,368,156,27.43
22584,5916.36,197,128,18.11
22150,5903.94,469,289,10.45
21671,5863.73,370,167,25.56
22971,5811.64,273,166,14.55
21877,5808.01,350,176,24.81
22751,5805.22,291,185,8.45
22740,5793.62,173,90,64.83
23154,5780.48,236,142,18.81
62018,5716.85,61,40,110.38
48129,5699.83,206,127,6.94
22779,5696.35,150,89,17.02
23118,5693.56,262,155,4.92
23553,5684.31,68,51,11.16
22646,5653.87,393,186,22.25
21242,5645.63,305,151,22.13
21257,5639.19,264,101,5.84
22907,5637.70,671,358,18.25
22595,5627.58,469,276,23.83
22838,5603.99,171,120,4.63
23205,5587.83,468,202,28.06
22635,5585.14,195,144,4.15
22466,5571.89,210,115,26.51
21558,5557.87,413,168,12.70
22207,5555.59,209,69,18.25
23526,5550.32,144,80,12.45
22488,5517.58,416,212,14.91
22088,5511.85,241,116,15.51
22837,5504.93,185,109,9.61
23583,5497.33,326,234,14.47
23531,5497.01,112,78,12.55
23052,5489.57,279,148,4.41
23177,5483.04,268,175,14.37
22904,5473.16,272,163,11.26
22366,5470.93,224,105,7.39
22297,5468.66,378,158,26.40
23126,5456.79,292,199,5.52
22964,5451.69,379,219,11.94
22365,5447.06,183,84,9.42
22418,5439.25,319,180,35.51
22798,5431.50,268,127,13.81
22429,5409.43,377,228,5.43
23135,5408.77,48,32,51.31
23158,5393.19,256,97,26.55
23133,5364.43,156,95,8.22
22349,5340.27,132,87,15.57
22464,5332.52,353,194,17.04
21172,5327.03,471,237,14.30
22296,5272.47,319,190,16.61
22998,5240.56,535,219,56.22
22772,5207.95,255,86,44.95
22485,5194.80,209,143,3.64
22898,5174.32,365,202,12.01
23132,5161.52,153,116,8.88
22796,5152.38,234,147,1.15
21164,5144.18,283,167,10.55
23162,5143.69,176,97,14.56
22665,5132.93,363,164,9.01
23263,5125.94,446,270,14.24
22623,5118.89,237,167,5.53
21844,5112.04,157,101,18.10
22302,5106.24,213,135,17.17
22845,5076.11,317,156,5.06
23295,5067.64,445,251,24.41
21098,5051.85,253,116,29.82
23234,5042.21,279,202,9.53
22371,5035.79,396,146,7.44
21428,5031.63,263,118,9.94
21756,5023.98,271,169,4.86
21907,5004.08,369,209,10.92
22271,4998.50,303,182,9.09
23310,4997.28,245,147,81.97
23165,4993.16,281,168,17.95
23198,4975.60,476,260,12.62
22301,4972.43,256,124,17.77
22957,4951.60,215,180,9.73
21932,4946.63,447,219,12.29
23570,4944.37,276,204,13.64
22120,4943.55,189,122,4.21
22780,4938.09,133,83,15.92
84212,4934.87,111,73,141.30
22142,4934.59,380,260,12.24
21933,4929.58,411,199,13.38
23007,4925.07,185,111,4.44
22110,4908.33,280,117,10.01
22748,4861.93,437,234,9.01
21086,4861.90,428,168,42.48
23503,4861.80,336,285,12.79
21937,4854.60,255,147,10.84
21033,4852.02,307,76,19.93
21390,4848.13,213,121,32.26
21124,4806.80,241,182,21.79
22549,4799.83,356,196,16.27
23351,4775.77,355,243,14.17
21876,4775.61,334,142,26.44
23389,4772.24,238,160,7.00
20677,4743.59,334,134,27.40
84050,4739.08,259,141,20.74
22243,4735.14,132,72,42.89
23569,4731.21,193,153,6.27
23157,4726.10,166,112,24.84
23159,4719.76,225,122,18.01
21258,4711.37,168,64,7.06
23286,4705.97,223,127,39.36
22645,4697.28,353,162,14.49
23241,4694.51,364,184,11.83
22636,4689.48,199,142,3.99
23494,4688.96,206,146,5.12
22082,4683.33,410,251,10.73
82552,4680.63,364,185,16.30
37449,4658.06,155,110,4.67
22745,4651.29,424,217,9.29
21539,4649.44,242,125,6.76
85049A,4645.20,360,205,15.79
22721,4641.68,297,184,5.55
22813,4640.78,218,117,20.27
47599A,4636.90,166,103,23.79
22295,4623.87,251,157,17.80
23184,4620.95,265,130,6.62
15056P,4613.07,171,90,8.90
23176,4596.33,227,160,13.26
22775,4586.87,239,81,39.00
23285,4570.71,192,109,44.08
23397,4559.39,219,140,3.39
21833,4543.73,170,88,29.39
22417,4541.24,521,271,30.92
82551,4537.69,353,157,17.86
20979,4529.98,326,166,21.56
22628,4521.01,191,86,10.99
23168,4494.31,338,141,22.96
23309,4478.80,408,179,46.06
21934,4463.78,412,86,28.03
23275,4462.56,326,172,21.35
22089,4460.38,273,143,10.13
22783,4460.13,34,30,15.50
23530,4453.17,87,61,17.41
84987,4452.32,335,204,14.89
23288,4429.06,187,108,42.07
22781,4417.29,233,122,4.70
23163,4400.82,210,96,18.51
23404,4384.61,171,105,9.74
23556,4375.62,54,47,9.32
22938,4371.63,187,161,14.33
22689,4371.57,150,96,6.96
22946,4361.65,139,67,6.21
16014,4335.76,54,34,392.00
22839,4325.27,202,109,3.97
23349,4325.10,338,215,14.92
22899,4318.03,315,192,10.76
84692,4316.46,588,210,37.54
20975,4309.82,367,232,27.22
21892,4305.91,413,236,13.49
21498,4301.42,337,239,43.94
22327,4292.45,290,107,10.89
23008,4275.72,134,100,4.28
22723,4274.67,296,171,6.82
22626,4236.23,204,135,3.83
23555,4235.76,50,46,9.22
23554,4235.76,57,50,8.48
20970,4224.63,263,142,7.85
23166,4221.28,248,139,25.46
22661,4221.16,416,173,30.06
23237,4209.19,178,132,7.86
23089,4192.08,226,102,22.94
23012,4177.36,247,152,7.01
23558,4175.82,52,44,9.50
22550,4164.89,221,137,8.45
20974,4164.08,356,196,32.74
23144,4161.31,275,181,27.87
84509A,4159.37,299,104,9.53
22694,4150.92,406,230,7.80
22801,4144.25,221,125,8.09
85049E,4133.07,452,249,11.89
20682,4125.83,241,141,8.69
21874,4122.22,296,113,26.19
23306,4113.23,282,183,15.00
23050,4112.30,206,117,4.24
22596,4112.20,263,198,17.56
23167,4110.82,232,130,40.94
22489,4072.13,444,233,41.71
23255,4064.02,159,117,8.60
21906,4055.92,174,72,7.83
23340,4053.88,151,113,22.23
23193,4052.28,176,110,17.36
21116,4051.79,259,82,8.22
23314,4035.96,118,88,4.59
21704,4035.42,249,138,37.24
22896,4017.86,289,145,10.86
22219,4015.88,546,191,18.65
72351B,4005.75,187,89,23.54
23194,4003.12,215,143,12.60
23129,3995.35,173,139,6.83
22577,3992.89,540,345,29.59
22431,3987.01,337,160,12.84
20675,3969.37,323,151,20.59
22274,3953.48,268,169,7.93
23130,3951.63,185,140,6.81
22131,3950.24,292,116,17.57
22951,3944.55,438,238,31.08
23112,3936.77,242,135,3.81
22841,3918.35,215,158,3.28
22649,3912.96,204,88,8.65
72760B,3902.26,154,106,3.85
21041,3900.78,256,101,9.09
22148,3899.90,187,149,12.91
22117,3896.45,96,59,25.49
22061,3895.36,147,88,6.44
21716,3893.32,245,113,12.68
23552,3883.99,116,94,19.83
22222,3879.84,222,105,10.07
84792,3864.28,242,127,6.34
21749,3860.29,141,81,24.14
23081,3831.00,140,81,5.90
22350,3819.57,124,64,22.06
23131,3815.23,119,92,10.04
21243,3813.64,211,104,21.89
23032,3800.88,201,118,18.95
84078A,3796.20,156,80,4.75
22980,3790.91,292,199,11.48
23110,3771.57,256,159,4.09
22578,3765.19,514,335,27.70
22942,3764.39,153,117,4.56
21244,3763.97,199,109,20.50
23299,3754.13,147,111,9.07
23049,3752.57,187,104,4.36
21746,3748.18,227,123,24.88
22809,3738.80,205,143,8.56
21110,3726.95,136,63,15.13
22195,3723.96,374,149,13.28
22956,3709.38,199,146,13.03
23182,3706.47,434,141,26.69
22854,3682.12,163,124,5.84
21890,3671.06,233,144,6.99
23127,3665.76,195,147,4.93
22738,3665.57,276,148,13.91
22212,3663.14,400,147,10.82
21531,3655.92,248,144,10.47
23013,3654.41,224,136,6.76
23191,3651.99,282,183,12.10
23092,3649.43,136,97,5.31
22378,3646.97,294,70,32.67
22842,3645.70,164,121,4.72
23497,3642.97,196,151,16.88
23091,3631.92,212,161,3.55
23294,3620.26,355,215,20.50
23542,3612.02,90,56,8.93
85053,3609.13,318,159,10.52
22053,3605.17,29,24,176.79
21658,3597.05,215,84,10.13
22493,3593.49,221,126,17.38
21260,3582.48,167,105,10.65
85132C,3577.44,216,97,14.53
21494,3576.33,314,80,24.15
22348,3574.79,359,145,28.10
22908,3571.28,376,213,20.57
22812,3569.30,191,99,15.58
22739,3568.52,319,169,10.80
23332,3567.46,288,208,9.97
20717,3536.98,413,151,18.77
21992,3529.12,437,161,11.96
22800,3526.99,204,110,7.83
21715,3507.17,231,117,11.37
23189,3504.62,142,90,13.87
23353,3497.60,328,228,17.51
23557,3496.50,32,26,13.46
21703,3492.35,295,176,52.86
22926,3491.90,197,141,3.79
22688,3484.45,35,27,25.19
22468,3476.74,154,84,6.12
21745,3471.98,215,116,8.05
22890,3466.64,166,98,3.69
23232,3457.50,239,188,45.61
21974,3457.15,362,178,11.87
22065,3448.81,243,133,50.68
23388,3448.69,154,116,7.11
21588,3447.60,133,99,15.11
21385,3445.85,318,154,25.24
84508A,3445.50,38,18,88.39
21238,3445.22,388,163,24.04
22435,3441.75,268,154,15.06
37370,3436.65,163,74,16.08
23426,3432.87,207,127,10.01
22669,3431.50,235,144,7.49
21497,3430.00,230,177,48.59
23350,3426.33,306,206,13.09
22300,3411.76,198,101,15.15
21527,3410.17,148,103,3.87
23210,3398.02,193,116,23.29
22311,3397.86,143,63,17.94
22029,3392.61,528,235,34.78
23014,3391.93,210,123,6.90
23156,3387.93,206,118,13.97
23354,3382.09,323,236,15.61
23536,3380.10,86,69,9.01
47567B,3378.91,134,82,7.33
79000,3371.69,129,70,66.26
23085,3357.90,79,65,5.66
22563,3356.93,282,172,16.45
21993,3348.34,426,152,12.70
82580,3347.31,632,211,26.51
21429,3324.85,291,148,10.94
22432,3323.32,279,159,10.74
22653,3321.95,251,75,24.63
84032A,3308.28,314,80,12.21
22079,3298.89,324,191,9.85
22855,3289.23,239,153,17.18
23239,3283.69,179,126,6.55
23308,3279.21,382,210,29.29
22460,3266.00,212,120,21.17
22567,3249.60,224,136,17.87
22244,3248.91,161,68,24.71
22187,3230.98,193,125,10.10
21463,3230.05,135,78,7.81
23395,3227.58,212,142,5.13
22962,3221.94,343,182,20.98
22746,3219.74,329,180,7.99
20973,3213.52,359,193,23.41
23035,3213.04,193,111,19.24
22967,3212.41,139,123,9.36
23230,3196.92,236,179,44.28
22491,3183.63,220,163,24.21
22430,3166.19,200,132,4.62
21868,3162.84,309,154,15.70
22687,3151.72,56,31,18.97
23323,3148.88,295,211,6.97
23342,3138.43,164,106,3.53
23393,3128.46,230,166,4.73
23010,3126.87,112,74,4.23
22848,3126.87,132,69,4.35
21561,3122.28,215,117,10.94
22465,3110.94,199,121,16.80
23346,3109.84,185,107,24.54
22849,3096.90,130,80,3.88
21381,3095.75,225,89,20.11
20754,3088.86,306,154,9.83
21240,3082.47,326,151,23.42
20828,3079.88,241,117,9.66
22180,3077.53,158,94,3.19
23461,3066.11,95,76,11.22
22606,3063.92,147,113,2.35
23329,3051.39,234,169,10.50
21135,3048.50,181,123,9.09
22604,3044.76,125,78,16.06
23390,3038.04,164,118,6.36
23053,3028.56,165,106,3.43
23051,3021.07,163,96,3.78
22972,3016.49,230,140,12.60
22592,3013.62,136,81,8.10
85184C,3009.22,195,117,14.17
23231,3008.34,260,191,38.10
21115,2995.02,162,105,5.39
21714,2993.15,226,107,15.30
22644,2986.97,278,148,14.97
21201,2985.27,103,45,18.87
23242,2980.95,215,133,10.89
16161P,2980.42,249,189,38.10
22331,2971.84,184,104,17.67
22906,2957.77,252,151,11.52
21411,2956.53,242,148,5.32
22894,2951.78,122,83,3.67
21810,2949.04,254,130,44.24
22078,2948.41,194,106,11.17
21918,2943.95,372,194,35.31
22360,2925.57,218,104,8.79
22778,2923.70,146,82,8.98
84568,2923.13,147,19,730.63
22892,2913.91,201,119,19.50
22810,2905.58,168,107,8.47
23211,2903.07,161,83,27.80
47559b,2893.80,317,153,13.52
23290,2886.60,215,126,19.26
21112,2885.13,82,38,35.76
21313,2882.90,215,98,33.72
23345,2882.50,175,102,24.00
22774,2881.94,141,58,39.00
23111,2877.12,139,81,3.56
21976,2871.00,394,183,28.42
85174,2868.60,158,57,10.77
21990,2865.45,367,129,12.92
23504,2857.64,208,165,11.72
22354,2857.59,84,45,16.64
22165,2855.38,147,28,14.79
22965,2835.01,237,173,7.72
23196,2829.19,300,171,10.96
84968C,2817.11,105,38,8.24
22426,2813.96,212,105,6.85
21563,2803.13,159,96,14.53
21625,2799.01,169,98,4.19
23212,2790.89,187,105,21.33
22843,2787.67,129,93,4.76
22945,2775.17,174,119,17.87
22777,2766.59,62,38,8.21
35004B,2763.17,112,33,16.58
22072,2759.92,164,92,9.09
23190,2758.60,203,147,11.56
22224,2755.21,165,90,9.23
22773,2754.40,191,83,25.14
22380,2746.16,287,115,11.13
22476,2743.71,127,62,14.10
23266,2742.57,320,202,10.16
23100,2741.88,258,181,11.98
21985,2737.63,427,263,33.47
21499,2737.34,218,176,38.22
22196,2735.13,473,148,19.08
23147,2733.35,262,171,10.85
23396,2731.13,197,135,4.87
23065,2727.27,101,82,3.17
23164,2713.70,93,71,8.13
47599B,2713.12,119,71,20.11
22974,2711.54,205,127,12.50
23489,2709.23,159,126,7.25
23333,2706.70,234,180,11.66
84832,2703.35,270,138,21.18
21109,2696.91,113,55,16.16
23264,2693.31,300,178,11.04
21239,2691.19,308,142,21.11
22963,2687.98,308,166,19.13
22760,2687.31,81,51,5.27
22702,2684.65,49,36,37.86
23292,2678.33,223,114,18.96
22925,2674.70,186,126,3.37
72807C,2669.80,166,85,-4.62
21811,2668.68,249,120,38.28
22433,2661.65,228,122,11.40
22045,2652.34,209,149,43.47
22930,2647.75,190,121,8.37
35961,2640.01,245,118,25.41
22241,2637.12,240,126,15.67
22329,2635.49,239,105,15.11
22792,2633.13,208,101,26.97
22737,2629.80,260,149,9.05
22236,2627.37,89,67,3.93
23009,2627.37,103,49,5.37
22582,2618.75,103,74,14.18
23486,2617.38,75,65,4.03
21012,2611.95,200,67,17.43
22902,2599.68,137,72,17.67
22564,2599.35,187,121,18.72
22175,2594.23,172,86,10.20
21500,2593.00,213,162,39.20
22794,2592.99,183,115,2.79
72351A,2590.42,165,79,16.37
23341,2583.85,121,76,4.05
84596B,2581.37,528,190,26.68
22610,2578.24,216,124,77.48
22805,2577.28,196,78,24.24
22700,2576.78,54,42,26.86
22278,2576.26,179,60,6.67
22361,2563.23,271,93,7.75
22130,2560.10,112,81,21.51
23253,2557.44,71,45,5.69
23407,2556.75,134,104,2.53
22822,2541.96,159,122,3.54
21078,2540.39,314,149,17.27
22927,2536.52,152,95,3.92
22937,2535.19,161,123,7.81
22358,2533.52,256,88,7.86
23681,2526.69,132,106,14.88
20829,2519.79,195,91,13.13
22660,2519.12,102,57,6.39
22691,2518.41,121,66,5.59
21556,2512.97,117,39,25.13
22670,2511.75,302,142,13.23
21107,2501.56,97,49,18.45
85178,2500.98,141,78,28.59
22064,2498.60,243,88,19.31
23146,2491.03,228,152,4.94
23424,2486.07,136,88,5.28
23367,2485.35,283,185,17.67
22672,2484.82,220,126,11.59
22075,2483.54,201,97,18.43
23054,2473.74,131,82,3.61
21903,2467.03,181,114,10.08
21452,2465.96,186,111,7.11
84968A,2460.76,102,33,7.94
22283,2450.91,156,83,3.58
21730,2449.88,132,81,6.22
23352,2447.95,213,152,11.78
85062,2442.70,160,98,15.00
23485,2437.56,84,71,3.44
22807,2428.18,195,75,11.00
22573,2427.25,221,128,21.01
22374,2423.27,227,109,5.06
21328,2418.68,346,136,9.87
22504,2417.58,69,33,7.33
22811,2416.34,109,39,22.56
22437,2410.44,228,141,20.14
23265,2404.79,294,181,9.77
22743,2402.64,207,117,7.93
22782,2400.75,74,65,3.71
21875,2394.38,149,86,23.57
84969,2381.02,213,49,10.35
22440,2380.92,155,101,59.64
20978,2380.05,264,134,13.31
23498,2378.48,99,78,21.08
20983,2376.51,269,186,14.73
23028,2375.48,139,89,14.82
22990,2374.88,165,118,4.34
23437,2371.13,132,109,17.77
22215,2367.37,102,73,4.67
23400,2364.73,110,77,5.73
22851,2364.39,351,199,13.75
23316,2362.06,111,76,3.29
23427,2357.64,116,88,2.66
23406,2355.82,114,66,6.79
22548,2351.44,211,150,12.74
23436,2348.64,115,92,21.35
21495,2345.50,166,102,56.62
16156S,2331.00,168,136,41.84
22939,2318.10,126,78,5.87
23412,2316.60,80,65,5.08
22425,2315.52,168,111,4.10
23371,2313.53,185,99,17.29
22483,2311.79,170,92,8.40
21700,2304.34,202,59,6.78
21982,2303.75,360,183,41.59
37500,2302.55,114,54,6.98
84950,2298.73,121,68,53.25
84032B,2296.94,256,109,8.01
23401,2296.60,84,60,7.60
23360,2296.15,114,95,12.49
22441,2295.01,220,131,8.00
22736,2293.80,224,131,9.31
23330,2291.97,217,159,11.31
22185,2291.44,162,112,13.48
23197,2287.55,250,117,12.54
21896,2269.34,112,81,11.60
85049G,2266.86,310,163,10.52
23029,2257.72,158,98,13.31
22933,2248.12,123,83,9.45
23048,2248.02,100,82,6.68
22030,2247.97,275,180,27.31
84796B,2244.64,126,17,15.94
21813,2243.30,113,39,13.90
23326,2237.71,76,53,64.96
20977,2237.39,188,112,13.05
23093,2236.75,143,106,8.85
21989,2235.65,335,131,18.41
22914,2228.49,155,107,4.33
23438,2227.42,109,89,20.48
23128,2224.04,140,113,3.95
85175,2223.66,150,86,29.10
23501,2220.37,112,78,23.37
22601,2218.98,202,122,20.15
22478,2218.12,140,60,25.72
21471,2213.09,164,79,8.06
10135,2206.14,176,93,23.98
21900,2197.82,374,168,19.23
23403,2196.61,135,81,7.69
22983,2192.84,444,224,22.86
46000S,2192.40,194,129,16.22
21794,2187.81,108,80,6.61
85038,2179.66,142,71,15.00
21592,2164.46,216,157,13.77
22732,2162.75,188,103,15.97
21878,2162.00,225,122,20.58
23445,2161.24,102,82,32.54
21249,2160.00,119,69,10.49
23370,2156.60,152,87,17.86
22377,2153.08,208,84,15.73
23252,2152.86,139,105,5.47
11001,2152.39,114,46,31.09
72349B,2149.40,196,52,17.12
23031,2149.00,156,94,13.57
22704,2147.76,175,130,40.22
23005,2147.13,244,106,-136.02
37448,2147.03,188,79,17.86
82581,2144.73,406,173,22.32
23302,2140.38,231,141,10.70
40016,2136.34,100,55,65.38
23161,2130.30,99,59,28.86
23213,2124.67,153,96,17.41
72802C,2120.92,112,65,11.75
22121,2119.82,139,95,3.21
22829,2118.55,112,81,2.77
23079,2118.05,107,84,2.85
21718,2113.39,230,107,13.95
22571,2111.26,255,153,15.24
22973,2109.61,145,82,15.11
23046,2108.19,36,32,10.91
20751,2106.62,200,128,7.55
22357,2098.54,185,71,6.54
21506,2095.97,324,172,28.76
22733,2095.08,197,120,13.19
23233,2095.00,159,130,39.62
84356,2094.24,82,33,12.85
21609,2089.64,78,60,12.60
22996,2089.05,409,156,30.69
21042,2088.13,132,73,4.51
21980,2083.48,298,194,33.79
23066,2083.08,87,70,3.50
22107,2081.81,180,47,12.19
22747,2074.55,228,124,7.67
22831,2070.90,121,92,7.67
22955,2070.15,135,92,12.96
23152,2069.40,161,109,4.84
22744,2067.94,173,124,6.95
22574,2063.90,223,133,16.12
23227,2062.56,118,62,26.39
22498,2061.67,150,69,4.84
22059,2058.48,174,86,20.53
22128,2050.12,78,63,26.70
22055,2048.74,221,104,13.07
23291,2047.78,196,105,15.48
23500,2044.58,98,77,21.18
23490,2044.02,102,84,6.49
47504K,2039.97,216,142,12.56
22863,2038.28,112,78,8.99
23251,2034.50,121,81,20.43
37450,2030.19,135,48,14.19
22167,2029.34,158,42,5.55
22156,2026.62,257,107,19.56
20674,2024.98,206,102,15.39
22070,2021.61,117,65,10.05
22115,2020.91,228,153,10.12
23529,2011.99,37,27,23.59
22080,2011.73,158,117,7.98
23274,2005.00,120,86,13.72
23268,2002.19,96,69,5.62
21864,2001.79,185,66,12.26
23289,1998.70,192,112,14.38
22891,1997.68,169,71,5.55
22602,1991.57,274,143,15.22
23357,1984.73,102,80,5.66
84596F,1984.64,448,167,22.44
22593,1983.66,199,108,19.64
22477,1979.15,128,65,21.12
23068,1976.89,136,107,7.60
22763,1975.74,109,77,2.62
23145,1969.03,170,129,16.07
22931,1968.40,129,96,8.49
20992,1965.81,277,163,27.31
21916,1963.83,360,157,29.15
22859,1960.17,159,113,10.42
51014A,1957.58,240,107,35.68
15039,1957.39,146,59,35.00
22897,1955.10,212,136,9.63
23374,1949.71,132,109,22.39
84880,1941.92,78,52,5.77
22639,1937.71,148,102,7.90
22412,1933.95,149,74,11.82
21591,1933.64,148,116,9.11
84031A,1932.15,166,36,11.44
22101,1926.81,70,22,50.64
21192,1924.94,90,33,29.61
23235,1917.23,106,90,8.06
20963,1913.67,229,84,15.93
22291,1911.82,121,73,17.71
22579,1907.29,343,228,22.07
23315,1906.71,87,64,3.14
22594,1904.92,197,94,21.33
22183,1903.76,130,17,18.82
37446,1897.39,184,95,13.60
22199,1893.84,168,72,6.39
85061W,1891.50,164,78,22.64
22959,1888.42,146,134,33.22
23358,1886.19,90,62,8.98
22312,1885.59,132,63,9.89
23434,1884.17,200,130,16.12
20982,1881.52,257,159,13.53
72807A,1877.89,117,54,-7.22
23491,1876.23,79,65,3.49
21622,1875.36,107,79,-5.41
23359,1872.31,79,74,13.42
22534,1870.28,262,174,25.83
22935,1868.82,66,47,13.15
70006,1865.63,120,73,37.03
22186,1865.33,150,113,7.04
23090,1863.39,151,97,19.49
21988,1862.75,193,102,22.75
23394,1860.90,150,91,4.81
72807B,1851.12,118,57,-9.18
22858,1849.23,137,104,10.76
23525,1845.07,54,39,14.79
21068,1844.67,199,82,19.46
21557,1843.61,162,27,20.41
21534,1843.27,156,95,3.82
22414,1842.81,99,38,7.37
23378,1842.42,176,128,31.27
16169E,1839.96,151,144,28.65
23075,1839.95,81,62,7.15
22928,1839.86,116,63,4.48
22651,1837.47,170,74,29.27
22712,1831.86,314,142,31.25
21870,1828.96,165,98,13.91
15060B,1828.67,137,69,5.94
22452,1828.16,146,54,12.63
22364,1827.72,169,70,7.96
22788,1827.06,61,36,5.94
21564,1823.57,124,64,16.23
21034,1822.10,872,481,3.99
22027,1821.87,363,181,23.34
22223,1821.25,78,35,12.60
15044D,1817.21,85,55,11.69
22944,1813.49,113,52,63.85
23228,1810.24,126,59,22.85
23148,1809.67,248,144,14.80
21713,1804.29,158,104,7.49
23160,1801.98,77,51,28.55
22198,1801.56,89,45,19.40
22200,1794.48,141,52,7.58
21245,1792.27,128,73,14.77
85035C,1787.88,132,87,12.98
21114,1787.34,139,106,12.79
23155,1785.02,137,85,23.29
21735,1784.22,85,62,1.94
22562,1773.37,211,150,9.47
84510A,1765.80,280,101,12.41
23096,1759.79,146,90,11.63
21832,1758.75,199,84,11.13
22536,1757.39,157,110,42.04
22314,1756.17,134,60,9.48
22710,1753.42,105,80,55.64
21584,1753.25,147,119,8.95
23399,1752.35,225,147,13.07
15058B,1746.21,99,33,4.91
23101,1744.61,213,176,11.57
22119,1743.06,107,83,4.22
22428,1741.33,117,76,3.29
23020,1738.26,78,68,2.50
22932,1738.08,73,53,14.42
21873,1737.98,117,63,24.29
22588,1737.44,177,112,4.03
22852,1736.63,126,84,4.58
21899,1733.27,281,150,17.62
23372,1732.79,148,77,17.86
85034C,1732.00,159,110,10.12
21329,1728.64,287,121,7.80
20981,1726.12,250,158,12.39
23122,1725.26,134,91,24.73
85015,1719.84,143,104,20.98
35004C,1717.50,42,29,5.10
23244,1717.03,113,88,10.53
22037,1715.48,354,174,22.86
22816,1706.88,266,159,25.30
22227,1706.77,290,84,27.85
23214,1705.44,103,80,9.93
22986,1701.60,156,125,32.64
22934,1698.62,79,66,8.88
21917,1698.57,226,133,31.15
22544,1698.12,176,103,43.48
37340,1694.69,137,60,42.05
21544,1690.23,174,81,24.38
21586,1688.70,70,57,11.91
85040A,1687.85,186,89,10.17
20961,1686.68,229,83,14.28
21207,1686.50,132,75,14.24
22789,1686.27,139,102,8.42
51008,1683.65,24,17,23.94
22674,1681.47,188,107,12.50
21812,1680.48,101,37,10.27
23317,1677.74,82,57,3.05
47570B,1677.63,35,24,4.92
23368,1677.60,233,135,17.60
16161U,1677.00,135,105,38.57
22419,1674.36,273,95,35.17
22335,1672.79,225,89,26.81
23366,1670.55,195,116,19.42
22076,1669.53,225,97,12.99
23505,1660.04,115,94,12.84
21578,1660.01,132,69,9.87
22479,1658.57,98,49,23.24
21981,1652.63,272,144,38.02
21111,1652.27,94,47,19.17
23270,1650.67,128,97,-16.57
21577,1649.15,176,95,7.51
21845,1645.45,83,64,28.98
22913,1644.09,113,79,4.41
22161,1642.60,341,119,42.55
23273,1642.45,113,89,10.84
85034B,1642.07,121,81,11.73
22332,1640.05,149,93,10.85
22375,1639.29,170,68,5.21
22853,1636.46,117,77,6.05
22154,1635.41,163,88,42.52
23391,1632.32,87,59,6.61
85132A,1631.49,120,39,11.69
84968F,1631.16,67,26,6.08
22445,1624.76,131,73,6.51
22975,1623.38,187,111,10.84
21706,1620.68,120,54,6.43
22284,1620.17,132,80,11.76
21056,1614.70,73,47,3.87
23217,1613.82,97,65,20.14
23280,1613.33,158,89,22.72
22671,1608.90,145,77,12.49
22292,1608.86,112,77,14.79
21206,1607.62,110,57,22.60
23181,1607.61,83,61,3.23
35953,1604.92,132,82,43.39
22473,1603.83,114,59,8.56
22305,1602.03,52,36,19.22
22095,1599.35,144,73,22.48
21394,1595.19,135,89,43.27
23348,1594.87,176,96,15.30
22948,1594.79,138,70,21.16
22799,1591.74,89,71,2.93
23483,1590.32,74,58,22.72
21967,1583.41,232,130,40.58
23369,1581.06,126,81,13.64
46000M,1581.00,144,93,17.20
15058A,1578.57,92,42,4.40
22475,1575.60,140,50,6.48
21509,1572.28,274,143,26.16
85206A,1572.23,116,100,9.03
23287,1570.24,199,116,15.86
22583,1567.85,112,74,7.73
21055,1567.38,106,64,2.72
22449,1567.20,145,66,5.47
22676,1567.14,208,62,18.90
22085,1566.99,97,63,8.70
22208,1564.86,281,149,10.08
21744,1563.55,128,67,7.61
84971S,1560.85,173,70,25.50
21913,1554.58,149,73,5.41
22832,1547.41,77,66,2.35
20665,1546.27,159,59,7.08
22434,1545.06,125,95,8.21
21626,1543.85,100,65,11.89
21898,1541.11,28,7,68.00
10133,1540.02,198,102,27.21
23226,1536.67,99,57,21.04
23524,1535.13,64,43,11.05
22176,1533.93,118,63,7.68
21200,1531.14,75,34,32.91
22762,1528.47,113,75,2.04
20985,1526.16,132,67,17.42
22675,1525.16,165,95,12.80
22494,1523.52,246,80,13.11
22600,1521.13,194,123,13.59
22318,1520.97,143,68,6.69
85049C,1520.65,225,163,7.47
22818,1520.16,245,152,23.43
22731,1518.74,144,86,13.47
84279P,1516.96,129,80,4.30
84884A,1515.68,105,53,6.38
22982,1515.02,213,121,9.35
20668,1512.92,215,112,115.88
84828,1511.36,183,83,13.00
21069,1508.71,88,36,34.86
22530,1507.64,234,144,25.05
22905,1505.24,110,51,11.41
23528,1504.49,50,31,15.45
22472,1501.40,109,59,5.44
22985,1500.44,99,78,48.49
23271,1499.38,104,70,24.77
23094,1498.50,80,66,2.27
23064,1498.50,25,21,6.76
84795b,1497.36,62,34,5.65
22285,1494.90,120,75,11.61
23334,1491.75,130,84,27.04
23559,1488.65,124,70,9.31
84580,1486.18,165,92,4.24
22398,1484.51,249,168,14.83
21327,1484.13,252,100,8.64
22471,1482.15,106,54,7.76
21619,1481.40,165,100,8.84
22282,1478.52,100,40,3.70
21781,1478.52,104,53,2.02
22220,1477.82,87,67,3.13
21447,1476.85,151,57,14.91
22203,1475.63,147,76,5.29
23267,1471.95,109,80,14.43
23365,1464.38,169,108,17.21
21829,1460.74,181,105,42.36
22713,1459.20,218,110,31.75
21470,1459.07,141,79,4.78
23034,1457.37,89,58,16.98
22696,1456.45,152,109,6.76
85114C,1454.88,110,38,17.84
15044A,1453.77,103,54,8.57
22797,1452.57,94,64,1.91
21620,1451.99,168,98,-6.08
21191,1451.82,95,39,14.41
22474,1451.57,135,72,3.79
21352,1450.51,79,37,9.35
22664,1447.65,163,63,11.13
37342,1443.33,112,51,28.41
21872,1442.26,143,83,15.42
84968D,1440.47,59,28,5.68
37495,1438.49,93,76,5.14
23392,1435.51,114,71,9.06
23086,1435.18,48,32,37.88
21528,1430.92,112,63,3.24
21705,1430.57,142,90,15.99
21792,1429.59,78,59,5.54
23073,1428.57,62,50,2.86
85054,1428.13,118,67,8.55
22458,1421.83,24,13,35.23
21407,1416.86,140,80,3.38
22182,1415.63,123,31,11.97
21507,1415.20,263,140,23.63
22949,1414.65,106,83,11.49
22531,1413.25,200,128,26.44
82567,1412.27,292,87,7.36
22714,1410.69,226,126,27.58
22576,1410.21,175,103,14.59
84031B,1409.41,144,31,9.16
84536A,1407.52,346,141,22.13
23527,1406.06,49,41,10.10
22306,1399.87,112,86,13.45
22436,1399.16,164,106,20.14
C2,1398.60,143,30,9.67
23250,1389.23,111,65,16.28
22735,1387.46,136,74,10.08
21424,1386.27,72,22,13.68
23040,1384.19,41,34,7.44
22047,1384.00,107,94,36.17
21382,1383.08,129,65,17.54
23376,1380.23,156,105,28.83
23119,1380.00,152,98,22.93
21071,1378.92,180,73,12.44
72802A,1376.07,69,45,0.56
23546,1375.50,120,106,30.90
22677,1375.32,194,60,16.78
22609,1374.94,156,90,65.67
21519,1374.10,248,101,31.51
22976,1374.01,144,78,13.51
22063,1370.40,121,57,10.25
85227,1368.75,223,116,12.83
22915,1368.62,186,111,25.75
22304,1368.18,61,39,19.67
22716,1365.95,288,168,19.13
23470,1365.10,85,71,3.10
15058C,1363.88,73,27,7.78
84818,1360.15,101,80,15.74
23249,1358.19,82,58,13.78
22591,1353.36,88,56,6.96
21123,1353.34,155,67,16.73
23000,1352.74,279,127,24.66
22754,1352.17,266,121,16.14
23061,1351.43,118,77,13.38
21615,1349.17,136,87,9.95
22421,1346.68,214,81,32.05
84968e,1344.58,53,16,6.69
22911,1343.34,95,69,6.64
22293,1341.67,122,64,14.17
23469,1338.64,73,62,5.29
21987,1338.20,172,107,19.63
22917,1336.97,241,133,14.53
51014C,1335.58,176,72,34.81
21439,1334.67,131,52,19.65
72802B,1331.24,86,56,5.07
22650,1329.40,145,79,10.86
23538,1328.82,32,26,12.77
23414,1328.15,65,59,2.32
22742,1327.31,102,79,8.11
21246,1325.28,99,34,5.59
85183B,1323.37,118,85,11.72
21039,1323.09,91,58,8.81
21818,1322.50,164,118,22.12
22299,1321.97,81,40,33.18
22443,1318.29,92,61,2.56
22399,1317.08,99,72,15.67
23221,1315.73,146,86,17.20
22920,1314.89,243,134,14.18
21363,1314.81,127,69,3.07
23373,1313.39,100,87,18.48
90057,1311.36,23,22,28.55
21179,1310.75,269,123,15.09
22830,1308.69,8,6,22.00
21195,1308.56,82,22,30.09
22916,1308.36,238,131,14.47
22912,1307.43,101,75,3.75
22028,1304.14,265,125,23.94
23405,1302.83,71,55,4.60
22073,1298.64,71,39,6.87
21793,1296.61,75,58,4.55
22310,1296.23,109,30,22.27
21064,1296.15,101,41,7.34
21866,1296.13,193,80,9.38
85199S,1295.17,262,102,25.91
21422,1291.60,65,34,45.53
37447,1289.39,116,52,15.44
21616,1288.34,138,85,9.67
21624,1286.88,96,74,2.86
21408,1286.71,118,51,5.63
22372,1285.24,151,82,3.43
22999,1279.05,223,109,27.13
22686,1278.38,166,41,24.27
47480,1277.47,86,30,24.93
21901,1274.64,310,144,12.67
21211,1271.52,103,59,14.98
22918,1270.80,239,131,14.21
21897,1268.19,5,2,221.50
21820,1267.22,92,50,1.84
85114A,1266.91,71,21,33.24
22509,1265.53,87,72,2.71
21902,1264.97,211,115,17.10
21090,1264.19,219,99,22.15
22572,1255.72,180,115,9.20
22439,1252.92,198,117,15.69
22977,1252.61,136,99,9.60
85059,1250.61,129,63,6.40
23067,1249.11,78,64,4.64
22166,1247.69,88,14,14.57
23511,1245.77,99,84,6.76
47503A,1239.12,167,124,22.89
22362,1232.09,138,63,6.05
22922,1231.71,104,74,17.72
22129,1231.52,100,34,35.12
85132B,1230.78,85,45,11.02
22603,1226.03,172,113,12.18
22338,1222.40,181,95,49.07
22074,1221.52,200,62,22.44
22315,1221.43,172,91,10.09
23138,1221.36,83,61,14.30
22597,1218.88,187,96,29.04
23598,1218.48,47,41,10.44
82599,1217.73,144,68,3.07
71038,1217.70,50,35,11.00
22919,1216.66,241,133,13.12
22613,1214.11,146,83,18.41
72800E,1213.29,136,63,8.59
23539,1213.13,41,33,7.48
22589,1212.82,79,47,8.06
82578,1212.35,306,143,14.32
22575,1210.37,92,63,7.98
22071,1207.55,87,66,6.73
21262,1206.19,79,44,7.50
72817,1202.27,166,75,15.52
22416,1202.12,77,56,15.39
21986,1197.73,189,119,34.18
22711,1192.34,104,90,31.97
22755,1190.51,251,111,15.23
22526,1188.81,82,58,2.09
22453,1188.74,80,39,11.05
21070,1186.23,107,52,21.29
21537,1183.46,63,53,3.74
84012,1181.99,116,79,14.49
35924,1181.79,73,26,24.65
23104,1178.82,46,39,3.03
22081,1176.50,139,75,8.59
22921,1176.32,210,117,14.61
85039B,1174.63,172,39,20.67
23026,1171.92,63,44,12.34
84813,1171.45,39,21,7.86
21742,1168.33,91,76,2.57
23418,1168.08,79,56,9.96
22757,1167.74,164,82,13.37
21065,1167.08,90,32,17.63
20984,1166.94,174,136,28.82
23515,1164.98,71,59,9.81
23508,1164.29,121,96,27.39
23269,1163.13,95,64,-10.22
22334,1160.71,101,78,9.06
84313C,1158.92,46,18,27.61
23431,1158.90,73,64,22.47
23507,1156.51,119,92,31.35
23566,1154.43,84,45,19.53
21773,1154.17,163,51,22.94
23523,1151.31,42,36,9.83
21774,1151.15,187,40,27.35
23402,1151.03,68,48,6.19
22708,1149.50,101,80,34.69
21846,1147.57,104,13,31.69
85106,1147.41,23,10,10.90
22497,1145.15,101,51,4.08
23057,1144.97,47,39,1.62
85039A,1144.08,192,27,27.59
21043,1143.76,92,53,8.38
23142,1143.45,41,35,3.40
21693,1143.31,51,41,6.98
20956,1142.77,105,52,4.46
21947,1142.15,152,63,12.90
22376,1141.70,123,67,3.81
23506,1139.20,146,115,23.89
22678,1139.06,168,60,14.23
21395,1137.50,92,64,43.69
22581,1137.28,178,85,18.46
84912B,1136.60,162,33,6.58
22446,1135.18,133,26,16.88
20801,1133.80,83,48,20.56
22539,1130.58,136,75,38.95
22442,1130.31,79,70,4.07
47585A,1129.26,83,24,11.00
85087,1127.04,127,8,40.25
22815,1123.88,268,80,33.00
22680,1122.79,160,62,13.32
22608,1120.15,145,64,81.88
21809,1119.56,120,73,26.00
23510,1119.22,120,91,27.71
21466,1116.89,112,72,4.22
22817,1114.81,290,80,32.99
22155,1114.29,144,68,34.35
22758,1112.75,178,86,13.92
23375,1108.07,104,86,15.71
23225,1107.28,89,47,27.06
21830,1107.07,107,64,18.94
23411,1106.46,57,43,5.26
22984,1106.17,163,92,29.53
22153,1104.85,132,63,41.00
22819,1104.81,270,95,27.45
23513,1101.78,71,60,9.33
21688,1101.28,58,37,0.30
22461,1100.84,55,38,4.74
21984,1099.55,213,125,27.30
22094,1098.23,201,120,17.56
22168,1094.80,81,72,1.63
22309,1093.60,121,49,7.55
47580,1091.22,111,56,6.75
22320,1087.16,74,57,3.16
23432,1086.82,74,66,19.36
23102,1086.65,157,129,9.98
22997,1083.17,223,102,24.68
85127,1081.07,54,18,10.11
84459B,1079.67,94,55,13.29
23041,1078.88,55,47,5.28
21469,1077.82,90,58,4.97
22611,1076.67,46,37,6.08
22325,1073.35,94,53,4.47
23087,1071.91,70,44,19.39
22342,1071.38,129,50,19.22
22123,1069.17,122,60,8.48
21824,1068.01,119,64,27.97
22444,1067.87,63,32,41.91
21819,1067.82,125,96,25.61
23033,1067.60,74,43,16.74
85035B,1066.82,72,39,15.00
22245,1066.60,101,45,24.69
21991,1065.82,212,81,7.69
22286,1065.39,116,65,16.95
21224,1065.00,166,59,15.29
23433,1063.97,90,77,15.73
23516,1062.35,42,40,7.43
23331,1062.28,109,68,23.47
22438,1058.69,98,67,15.25
21391,1058.14,109,70,10.11
22190,1057.71,116,39,17.33
22211,1054.44,197,102,9.42
21949,1054.44,144,47,17.04
16016,1053.45,65,41,31.05
23113,1052.64,59,40,-30.80
M,1051.88,296,277,11.43
22152,1051.82,107,71,31.34
22066,1049.10,136,101,22.28
22363,1048.25,85,47,7.53
85159B,1047.96,60,45,12.98
35648,1047.57,131,41,21.95
23327,1046.42,42,34,50.76
23056,1045.45,41,34,5.21
85116,1043.88,90,31,29.39
23419,1043.72,87,57,8.30
21508,1041.94,214,109,22.73
22995,1041.42,267,91,25.71
79302M,1037.54,63,27,16.41
16237,1035.96,291,110,44.85
23347,1034.80,98,52,15.88
22785,1033.75,74,49,5.00
23088,1033.28,79,53,15.00
22060,1031.75,37,33,6.06
20967,1031.69,85,64,2.97
21803,1031.56,200,47,50.47
18097C,1029.41,70,44,9.25
22024,1028.77,215,91,26.02
21679,1028.58,138,68,16.76
84944,1026.21,90,63,13.41
23545,1025.60,84,77,32.21
84558A,1025.57,86,50,6.82
22091,1024.47,168,98,20.24
22163,1023.03,124,42,18.10
20966,1022.80,101,29,18.14
21188,1021.90,50,28,11.64
22402,1020.58,152,108,15.84
23452,1019.81,88,70,7.39
85114B,1019.70,92,37,13.84
21361,1018.98,72,44,1.93
22459,1018.19,28,13,14.08
15044C,1017.89,89,44,7.07
21464,1017.00,106,58,4.14
20931,1015.85,69,36,7.89
85180A,1014.76,64,33,15.06
22221,1014.43,52,39,3.31
21788,1014.14,86,62,20.56
51014L,1013.46,150,73,27.22
21617,1013.01,102,63,8.38
22679,1011.78,160,55,13.67
22614,1010.47,220,134,22.37
21354,1010.21,95,56,14.30
23107,1009.51,73,61,5.89
21288,1009.06,112,34,9.18
22860,1007.87,108,84,6.94
23544,1007.53,21,17,9.59
22923,1005.94,83,66,18.03
22279,1005.90,129,45,18.51
23153,1005.69,91,68,3.81
22673,1004.83,132,86,9.09
23121,1002.54,111,82,30.56
22695,1001.49,123,83,8.93
23281,1000.82,101,57,22.46
21355,998.83,122,96,6.95
21467,996.89,105,59,4.44
22069,996.80,146,27,15.41
23517,996.38,63,51,6.55
10125,994.84,91,50,25.92
21821,992.05,63,36,6.64
21648,991.54,68,28,21.64
23533,986.29,36,28,7.68
22808,985.77,76,52,6.29
85232D,982.08,73,46,4.72
35471D,982.07,224,116,16.03
21948,979.48,153,38,16.87
23512,977.32,57,47,10.66
20886,976.48,106,57,7.46
72816,976.27,72,27,30.81
22857,975.13,62,57,19.49
22098,973.08,173,99,19.38
84459A,970.27,92,51,12.88
22500,970.07,96,79,3.20
23380,969.46,122,87,26.53
23518,965.96,45,41,8.68
21389,965.93,129,82,13.60
84509G,965.41,68,43,12.07
23514,964.91,75,58,8.14
20802,964.40,64,41,17.07
22540,960.44,92,52,48.42
22210,959.70,187,118,8.64
47504H,959.38,119,70,13.91
20846,958.57,88,51,14.06
22209,958.41,174,101,9.29
22681,958.34,132,46,15.57
21058,958.01,123,69,16.59
23460,957.33,44,41,2.51
84596G,957.30,248,85,20.98
85064,956.65,34,22,9.14
35651,953.76,59,30,14.63
84913A,952.83,125,11,18.00
84843,952.13,49,37,4.62
47593B,951.11,246,69,28.88
22262,949.61,138,63,16.22
21198,948.71,72,48,19.94
21683,948.70,59,40,6.80
22599,947.36,124,59,32.69
21717,946.93,43,35,10.60
22994,945.60,219,90,24.08
15044B,943.88,62,38,7.71
70007,943.16,108,47,17.72
22246,939.37,91,32,13.09
22242,938.28,38,24,23.46
35646,937.25,94,33,18.76
23183,937.17,85,46,4.74
84819,934.79,63,57,14.16
22231,934.71,145,94,9.90
20686,932.42,78,52,3.37
20752,930.95,151,93,3.89
23540,930.50,14,10,15.00
23179,930.48,53,37,8.76
23178,929.47,69,51,6.37
22132,928.83,155,61,16.82
22313,927.33,66,42,7.50
22924,924.50,89,64,15.34
85185B,923.99,76,52,4.79
22307,923.74,75,54,13.54
22893,922.20,144,46,39.33
18098C,921.87,65,25,5.72
17091J,920.67,95,67,31.10
22270,920.06,54,36,6.58
21802,919.98,181,46,46.17
85034A,919.27,80,59,7.46
21682,916.11,58,43,3.88
21462,915.90,73,58,3.41
22046,914.72,76,62,35.74
46776F,912.03,90,7,31.00
21786,909.01,229,57,32.51
21894,908.33,131,58,9.60
22519,906.75,91,54,7.30
84519A,905.55,88,46,11.13
23338,902.92,110,63,6.75
72799E,902.24,77,45,9.91
22770,899.10,63,45,2.00
23532,898.38,31,24,8.75
21465,897.80,79,56,4.23
22277,897.74,100,55,7.58
23502,896.41,94,81,8.81
22814,893.51,235,76,28.17
84823,890.40,27,26,4.23
85131A,890.21,120,22,44.68
21189,888.67,72,28,12.68
22719,884.55,116,26,12.73
37501,884.05,52,29,4.10
22524,883.20,87,56,10.46
22682,883.00,120,53,12.79
22317,882.62,89,36,7.97
22321,880.48,133,46,19.91
22701,879.89,116,40,13.33
85176,879.62,173,51,17.98
22281,878.32,63,36,3.67
21209,877.91,90,50,24.10
22308,877.38,105,28,8.93
22118,877.06,89,68,3.41
21695,875.38,41,36,8.06
22565,873.52,148,86,10.86
85036C,872.61,87,67,-14.91
84536B,872.03,180,75,27.45
22251,871.99,138,68,10.26
23002,871.53,193,86,23.45
85049H,870.35,184,59,14.39
21204,868.44,85,45,11.09
21199,868.17,79,46,19.96
23413,868.11,59,35,4.71
23479,865.32,44,36,3.17
21743,864.05,51,30,7.03
21708,863.11,65,29,6.55
23220,860.02,104,56,17.54
22343,858.60,95,49,39.98
23423,858.15,67,48,4.46
22683,856.49,128,55,11.84
23099,855.65,59,47,2.74
21823,854.74,100,62,20.69
21880,850.98,241,85,22.25
85183A,849.54,87,62,10.73
84006,848.70,106,47,19.53
85135C,848.43,70,42,2.19
22862,843.95,67,43,3.30
84509B,843.34,83,38,5.84
22068,841.93,144,58,8.93
23564,841.31,76,40,16.10
23551,841.01,136,89,20.71
20839,840.44,106,45,11.00
22802,840.36,49,31,2.84
21694,840.33,24,19,16.16
22706,837.44,72,65,31.26
22254,836.80,61,34,19.32
21631,833.59,27,16,10.56
20986,833.49,113,41,16.02
22587,833.07,162,104,8.46
37327,832.77,87,37,36.62
21125,832.23,104,61,10.79
21399,831.00,73,51,36.06
21804,830.03,70,38,6.18
23004,829.66,222,74,24.69
84660c,828.24,63,21,31.38
22341,827.63,78,38,11.92
21294,825.49,74,47,31.55
84509C,824.91,78,21,8.29
22537,824.68,172,116,16.23
21905,823.71,160,85,8.95
22249,823.06,146,74,12.70
84849D,821.82,117,67,7.36
22276,821.01,87,54,4.15
21291,819.64,52,33,28.58
23186,810.22,71,57,34.56
22093,809.08,161,116,15.72
22162,808.79,95,22,6.86
84660A,808.75,48,31,27.00
22454,804.22,43,32,8.19
22546,799.98,87,51,41.24
85194L,799.94,74,53,17.36
22503,799.20,35,16,5.00
85169A,798.02,89,45,17.78
72818,796.06,81,52,33.33
22268,795.78,161,74,25.34
22566,794.88,150,95,9.25
21162,794.15,162,99,14.80
22099,793.40,154,97,14.81
23521,793.37,44,22,18.77
23519,792.31,24,19,11.79
22705,790.86,78,62,30.37
21789,789.20,93,56,16.21
85170D,788.99,101,31,14.39
21504,788.97,116,75,24.47
84535B,788.45,157,81,15.47
85035A,786.49,85,61,3.54
21680,786.31,103,44,19.73
23568,786.27,49,25,25.16
79160,785.33,50,31,14.16
21642,784.48,103,82,27.02
22518,783.54,84,45,7.47
21633,782.60,43,14,8.86
22217,782.51,84,64,10.08
85173,782.27,87,42,11.29
21272,781.32,107,50,7.14
23106,780.91,54,50,5.58
23444,779.22,81,64,4.34
22451,779.15,57,36,5.81
23115,778.77,46,39,-32.95
85032A,777.14,135,83,9.52
22228,776.93,148,82,12.18
22422,776.75,205,54,23.59
23409,775.43,44,40,5.20
22340,774.88,129,54,25.91
85036A,774.68,63,49,2.90
84519B,774.55,126,64,7.38
21158,774.46,171,104,13.94
85231B,773.15,155,75,11.47
21618,770.87,93,49,7.14
22133,770.73,133,42,19.43
21983,770.71,156,100,22.77
85125,769.21,35,15,6.80
21084,768.58,182,91,28.42
22685,768.30,105,50,11.86
23335,767.90,97,63,5.81
22522,764.09,131,101,7.87
21707,763.66,74,45,3.56
23550,763.10,64,61,30.41
22252,762.82,68,48,13.42
85212,761.40,79,61,40.59
22025,761.05,132,74,24.39
85130B,760.43,62,45,18.53
17084R,760.32,27,16,252.00
21287,760.15,55,48,37.29
10002,759.89,73,41,25.29
84279B,759.70,72,49,7.73
22833,759.24,7,5,15.20
22753,758.98,217,99,10.21
23282,757.86,135,68,11.94
22480,757.21,74,58,10.47
23123,755.42,96,65,14.31
21822,754.75,98,47,15.68
21383,754.53,168,76,13.11
84913B,754.07,86,20,9.80
23124,751.38,43,24,23.63
21126,750.20,126,58,10.22
84660B,749.94,42,21,33.86
23324,748.53,45,39,9.33
84763,748.34,59,40,11.15
23025,748.32,55,41,8.39
22481,748.08,129,69,7.81
85032B,747.79,133,85,9.39
23022,745.76,23,20,19.60
23454,745.65,53,42,4.21
21215,745.45,124,52,20.94
22316,742.37,56,29,22.76
20733,742.06,206,31,30.19
23223,741.89,89,52,15.21
22106,741.63,48,10,22.80
22523,741.46,138,99,7.72
22336,739.46,82,49,44.39
22264,738.68,96,39,40.08
22322,737.61,140,31,26.06
22097,735.67,146,104,15.38
22258,735.14,78,36,25.14
23435,734.79,99,41,20.17
22495,734.07,99,61,4.54
22586,733.75,163,101,7.70
84609,732.97,22,17,3.65
23006,732.51,174,89,18.94
22393,731.78,72,45,11.29
15034,731.73,139,71,73.32
22400,731.43,151,113,12.38
23562,730.37,43,38,6.66
21398,729.60,64,44,34.61
90200D,729.57,78,22,8.00
22250,729.25,148,58,14.09
21643,728.31,62,28,18.89
21677,727.64,120,63,13.06
20996,727.46,225,125,25.55
23522,727.44,32,21,16.86
22103,726.38,27,14,55.57
23071,725.49,21,17,10.47
79030G,725.43,69,45,21.78
85131D,725.26,206,6,141.67
21883,725.23,134,83,19.90
22821,722.67,140,53,22.09
72803A,722.47,44,31,15.68
21927,722.40,101,43,13.77
21530,721.38,105,66,10.85
79067,719.69,40,17,1.29
23114,719.10,47,41,-31.56
22718,717.23,169,71,23.00
84581,717.21,92,61,2.39
23140,716.30,53,30,5.67
22287,715.48,81,52,15.08
21775,713.11,140,35,14.63
22684,712.32,104,42,12.62
22026,712.08,161,72,22.83
85032C,712.04,141,73,9.22
23325,711.24,36,28,15.86
21636,709.66,74,61,14.70
23070,709.54,44,30,5.33
21739,708.98,111,39,6.56
22201,708.30,89,30,6.40
23055,708.24,40,34,-5.06
79066K,706.91,157,71,11.10
22514,706.55,104,62,4.98
21143,705.28,40,28,11.04
21356,704.55,151,38,16.92
16235,702.75,169,69,44.97
21106,702.51,53,31,7.65
85049D,702.41,114,86,4.94
85159A,700.95,48,39,10.59
22786,700.49,47,32,3.84
23072,699.54,32,22,9.64
23222,698.61,76,50,15.50
22936,697.97,51,31,6.68
22981,696.88,106,59,7.90
85078,696.80,125,47,23.23
79164,695.01,25,13,15.00
16225,691.85,102,58,14.05
35923,690.13,64,31,41.13
22324,688.30,74,21,13.62
21650,688.29,133,49,51.55
23487,684.43,45,42,1.69
46776B,683.80,89,7,23.14
21289,683.75,50,21,26.05
21163,683.37,129,88,12.84
85071B,683.01,126,89,14.60
85019B,682.97,37,22,23.95
21208,681.78,85,51,17.73
35001G,681.59,30,24,8.29
21066,679.72,55,34,20.32
22136,679.48,86,38,9.34
23187,678.57,76,67,33.42
79191C,678.23,66,58,16.33
22806,677.04,38,29,8.97
22062,677.03,78,45,14.56
21359,674.72,32,23,4.30
22403,674.67,126,73,17.96
22856,673.98,29,22,23.55
84659A,673.72,91,20,14.90
22267,673.17,83,68,12.29
46776A,672.60,71,7,22.86
84923,671.62,98,1,162.00
85103,671.14,30,7,10.57
21317,671.09,35,24,4.63
84796a,670.60,55,11,7.09
23597,667.27,32,29,8.45
22339,666.38,85,46,51.67
23120,665.17,101,70,23.49
47574A,664.45,116,38,12.79
20767,663.71,79,51,4.96
40001,663.07,58,24,23.42
23024,662.87,12,9,28.11
21613,661.93,43,38,4.74
23547,661.50,62,57,27.63
23482,661.02,39,33,12.67
23017,659.34,23,21,3.14
84872a,659.34,57,4,13.25
21261,658.17,45,25,7.48
22450,657.76,59,43,4.51
22756,656.52,123,69,8.68
22448,656.43,45,30,6.70
22615,656.05,103,62,33.27
85199L,654.98,97,53,13.47
21696,654.70,35,28,-3.64
21187,651.75,49,31,8.84
37475,651.57,43,28,2.54
22535,650.85,135,89,19.30
22204,650.79,80,24,8.00
22525,648.97,77,43,10.02
20704,648.60,45,39,5.44
22953,647.11,98,62,8.10
22715,645.64,130,79,19.53
84789,644.47,50,34,5.47
85177,644.21,64,41,19.80
21640,644.03,78,39,16.97
17021,643.14,47,30,80.90
21808,641.58,49,22,8.45
35810A,640.92,76,47,11.83
21446,640.92,106,48,8.48
20658,638.36,107,45,7.64
23224,637.40,72,45,16.09
22533,636.41,91,69,25.26
22067,636.12,71,34,11.94
84086C,634.07,53,14,15.86
20902,633.82,57,7,15.57
84817,632.94,56,49,18.65
84596L,632.26,174,50,24.70
23042,631.81,29,26,3.58
23453,631.58,47,41,7.90
23216,630.73,44,33,15.91
21747,630.61,55,32,14.78
72232,630.23,65,45,73.71
21627,629.37,48,15,2.07
85163B,629.37,37,12,6.92
23019,629.05,28,26,3.12
23492,628.74,28,25,3.04
23027,627.95,30,27,10.93
21417,627.70,69,25,13.56
21054,627.54,31,25,1.64
22559,626.53,83,34,14.91
21205,626.19,69,45,5.18
23456,625.80,37,33,4.73
20735,625.80,114,12,12.67
21351,625.63,36,29,-4.24
21865,625.23,107,53,4.42
22269,622.74,125,63,14.81
22035,622.36,142,66,20.61
21684,622.30,48,28,25.75
20840,622.12,76,36,13.64
22520,622.10,117,89,6.99
79163,621.39,40,26,52.04
22105,619.82,34,10,33.40
22396,619.43,129,88,13.86
23462,619.38,48,44,0.64
21628,619.38,34,15,4.13
20772,618.64,66,41,6.00
22288,618.20,58,38,12.50
21426,616.18,47,17,14.82
23471,615.94,27,27,2.44
23408,615.68,60,53,5.58
84637,614.13,83,12,9.67
